,ID,Job tenure,Age,Car price,Funding amount,Default (y)
438,439,4,38,20590,21810,0
2221,2222,1,30,11750,10965,0
4127,4128,9,77,19990,19990,1
624,625,3,31,19585,19243,0
3132,3133,4,42,23070,17703,0
179,180,1,20,16790,18821,1
6534,6535,19,47,19000,20835,0
4336,4337,0,48,22262,22469,0
6699,6700,2,26,17650,15150,0
2899,2900,7,25,12490,13543,0
6459,6460,1,33,17690,16150,0
2603,2604,4,38,19350,13150,0
1656,1657,0,63,19000,13000,0
5245,5246,3,26,23640,23640,0
5921,5922,11,74,18740,18838,1
3303,3304,0,54,12990,14254,1
7221,7222,0,44,22000,23603,0
6122,6123,4,52,18100,18100,0
1261,1262,2,35,30070,27441,1
5219,5220,3,37,10575,9434,0
3785,3786,2,25,17410,13400,1
73,74,1,37,14700,7118,0
6237,6238,3,24,7790,8629,1
7297,7298,40,59,39136,21650,0
2057,2058,0,28,9500,8416,0
1954,1955,20,43,17000,17000,0
676,677,5,39,19300,8500,0
2829,2830,12,58,19199,20327,0
2436,2437,7,28,11990,14322,0
1620,1621,4,21,8890,9714,1
4080,4081,35,55,23723,12548,0
4600,4601,15,49,13990,12176,0
2470,2471,2,43,17900,12000,0
5231,5232,1,23,14269,15704,1
6178,6179,11,43,13990,13990,0
4284,4285,8,52,24711,28946,1
3049,3050,20,36,24990,24990,0
3358,3359,27,57,17790,19174,0
44,45,1,47,16500,14565,0
4603,4604,0,56,11895,13296,0
1507,1508,2,22,7990,7990,0
1416,1417,2,32,13990,13048,0
6942,6943,1,36,15990,18850,0
2177,2178,7,32,19968,19968,1
6715,6716,10,30,11689,5189,0
3834,3835,0,49,13327,12327,0
6518,6519,34,55,24190,16850,0
5168,5169,7,55,13750,14551,1
1744,1745,7,36,16847,12743,0
4584,4585,0,46,12500,11374,0
6339,6340,16,46,14790,11790,0
5026,5027,23,53,18881,17988,0
1405,1406,7,41,15785,17151,0
6075,6076,11,41,13990,13534,0
3784,3785,6,46,12585,10285,0
334,335,0,39,13990,13990,0
7057,7058,3,41,15755,15671,0
1032,1033,14,47,15490,16800,0
964,965,20,37,15000,16687,0
2517,2518,1,39,11950,12100,0
210,211,12,32,20016,23250,1
5471,5472,0,39,17480,13480,0
1732,1733,4,40,18087,18087,1
6101,6102,2,26,6800,7435,0
3803,3804,11,42,23590,23591,0
2882,2883,0,30,21980,24191,1
7359,7360,1,35,10522,11363,1
2688,2689,5,31,16190,13390,0
6305,6306,0,40,12390,7390,0
748,749,0,57,12990,14674,1
3386,3387,1,31,29990,29990,1
4271,4272,6,33,23989,19989,0
5277,5278,14,49,16500,14821,0
468,469,15,49,26290,14590,0
1835,1836,8,69,24050,15235,0
3277,3278,9,39,22472,22030,0
6527,6528,4,43,26500,21500,0
6153,6154,1,25,10100,7700,0
864,865,15,56,16990,18177,0
6321,6322,0,39,21490,19290,0
6286,6287,2,20,10880,12638,0
4404,4405,2,55,15487,16361,0
7006,7007,0,19,19900,21650,1
7110,7111,2,26,12990,6990,0
50,51,1,19,18990,20450,1
6110,6111,3,38,12990,13284,0
3616,3617,0,35,7980,8593,1
6763,6764,8,37,18690,15047,0
1158,1159,9,40,13990,12002,0
2707,2708,3,61,15700,15700,0
149,150,8,32,14640,8122,0
4487,4488,3,39,21475,20327,0
6315,6316,1,32,9990,9140,0
1515,1516,0,25,12500,9000,0
5918,5919,5,58,17500,11200,0
1436,1437,4,42,14900,16190,0
2778,2779,26,47,16490,16490,0
3698,3699,5,24,19100,17990,0
1536,1537,0,60,13990,15355,0
538,539,5,27,17877,19822,1
401,402,1,29,30968,29107,1
3781,3782,1,37,15450,16027,0
1223,1224,11,49,15990,11570,0
3996,3997,7,24,23850,22850,0
4442,4443,6,25,13990,13990,0
7008,7009,11,37,13548,15290,0
4482,4483,11,48,14380,14380,0
5495,5496,3,26,7000,7573,1
997,998,5,44,22229,24339,0
1706,1707,12,33,35290,26829,0
4291,4292,2,26,20100,16100,0
6143,6144,19,55,20590,16071,1
1426,1427,4,59,28180,19458,0
1295,1296,24,49,25480,25480,0
5455,5456,6,49,16250,10380,0
2417,2418,11,55,22880,22656,0
5303,5304,2,60,18000,19422,1
1020,1021,1,25,12500,12650,0
1090,1091,4,38,17990,17565,0
5480,5481,14,30,20850,25599,0
5683,5684,16,46,13100,14209,0
3024,3025,36,58,22487,14084,0
752,753,7,40,10990,13288,0
93,94,9,34,19990,14190,0
1370,1371,1,61,24135,22871,1
2531,2532,3,37,20922,24245,0
1330,1331,2,37,16110,18266,0
4058,4059,8,39,12100,9497,0
6454,6455,0,23,15990,15579,1
5427,5428,31,51,23000,15000,0
5905,5906,1,35,13730,15520,1
319,320,12,37,9990,12131,0
877,878,8,26,18200,15200,0
3578,3579,2,48,13990,6646,0
7347,7348,1,35,21400,7680,0
6370,6371,0,33,29990,29990,1
6936,6937,34,52,26410,23410,0
6428,6429,17,51,21471,18786,0
3166,3167,2,47,17975,16412,0
2306,2307,4,62,34460,26960,0
1578,1579,1,40,17990,19571,0
696,697,13,53,16760,17924,1
1702,1703,1,28,7656,8354,1
3641,3642,1,55,18100,6100,0
339,340,0,21,8684,9259,1
1858,1859,22,46,23390,11869,0
969,970,0,20,15300,18662,1
3544,3545,22,42,14665,16068,0
4634,4635,2,60,17067,15154,0
3931,3932,12,32,14090,10822,0
1450,1451,2,56,15560,15250,0
2069,2070,16,39,13870,12752,0
2877,2878,1,20,6400,6940,1
5979,5980,15,58,15550,16469,0
1775,1776,26,51,17000,19275,0
1220,1221,0,25,10750,10750,0
429,430,0,38,11199,11510,0
5738,5739,1,42,18485,18585,0
2609,2610,8,51,24740,16740,0
2127,2128,1,27,20390,23768,0
3984,3985,33,50,29800,27300,0
6966,6967,6,25,7579,8541,1
23,24,3,26,14140,4840,0
1575,1576,5,70,20830,14184,0
1499,1500,18,57,20990,15923,0
1979,1980,0,20,11365,12225,1
672,673,0,23,14590,16383,0
2995,2996,0,24,15990,17714,1
5643,5644,1,19,21950,21950,1
592,593,6,25,8500,8500,1
5857,5858,18,36,14550,15828,1
3749,3750,4,30,9970,11025,1
6012,6013,3,26,7650,9225,0
3433,3434,4,48,13680,13691,1
1174,1175,1,35,9500,8800,0
533,534,8,30,22650,12650,0
1397,1398,21,45,15490,17575,1
5553,5554,2,37,23660,23660,1
2654,2655,4,31,15995,17214,1
2628,2629,9,39,10450,11636,1
3783,3784,3,29,14500,14500,0
6017,6018,7,67,21250,21250,0
6453,6454,1,44,12950,12950,0
2691,2692,1,26,11990,4501,0
3437,3438,4,26,8726,8726,0
530,531,2,50,20000,12655,0
4222,4223,1,24,17970,21228,1
6223,6224,15,50,27590,22906,0
4173,4174,0,26,16985,18290,0
2653,2654,0,22,16990,16990,1
5775,5776,7,47,28190,19876,0
5488,5489,0,28,10900,10900,0
4122,4123,1,48,11440,10181,0
6870,6871,2,34,25877,25877,1
7070,7071,12,39,23980,23980,0
3381,3382,1,23,19990,19990,1
1891,1892,3,19,27290,26911,1
585,586,1,23,12990,12623,1
3258,3259,1,37,13890,15313,1
6116,6117,2,29,22850,22850,1
4121,4122,3,23,23000,23000,1
7051,7052,2,38,11154,8293,1
3686,3687,2,20,27500,27000,1
2316,2317,5,21,23000,6473,0
2638,2639,4,38,19100,14068,0
6635,6636,13,42,20700,10700,0
7253,7254,2,40,13980,15434,0
5846,5847,5,48,21500,7000,0
2110,2111,0,53,12480,12480,1
5579,5580,4,54,15600,14600,0
248,249,4,42,19400,21925,1
196,197,3,19,7990,4255,0
1671,1672,3,35,11940,5435,0
6746,6747,3,54,22000,22000,0
4961,4962,26,61,34490,19490,0
252,253,19,36,19500,18200,0
2348,2349,1,18,17964,17797,1
1718,1719,3,37,19400,16490,0
3044,3045,1,45,21000,22789,0
5337,5338,3,23,6480,7055,0
453,454,2,30,32000,27000,0
2453,2454,7,27,11130,8630,0
2036,2037,7,47,14800,13649,0
2149,2150,3,26,22795,22795,0
4778,4779,4,28,13985,15199,0
2245,2246,8,28,24900,12100,0
573,574,17,74,24990,16990,0
4233,4234,2,24,15490,15490,1
1886,1887,0,28,11500,11500,0
1168,1169,1,27,17069,20660,1
5441,5442,10,51,15980,13738,0
3558,3559,4,60,25900,21854,1
6257,6258,0,44,11750,13562,0
5261,5262,5,36,13259,13803,0
4656,4657,3,23,8990,8990,0
7403,7404,10,41,29000,25500,0
1512,1513,0,25,16750,18434,0
3787,3788,4,39,16700,12674,0
543,544,2,20,5990,5990,1
7229,7230,10,51,26999,19897,0
5368,5369,1,28,14990,16254,0
2133,2134,2,23,15500,12500,0
3947,3948,16,46,24590,21251,0
1765,1766,7,30,9890,11478,0
4024,4025,0,36,18900,18900,1
6134,6135,2,25,8990,9748,0
5901,5902,5,23,10450,10841,0
2846,2847,4,62,24980,26146,1
3470,3471,2,40,13980,4286,0
7026,7027,4,66,25950,21150,0
4629,4630,5,29,12490,13871,0
6115,6116,10,33,15500,10000,0
7354,7355,1,23,15500,15723,0
1760,1761,1,19,22890,22890,1
176,177,1,23,13000,11248,0
2984,2985,3,48,14777,16998,0
5477,5478,3,19,18990,20281,1
5943,5944,1,30,13070,13423,0
5021,5022,0,22,15250,16836,1
3668,3669,0,25,21495,21495,0
2178,2179,10,63,19890,21137,1
6147,6148,0,25,10990,10100,0
3580,3581,3,60,25990,27927,1
5814,5815,0,47,15990,13990,0
59,60,28,48,29139,9139,0
2432,2433,0,29,19550,21260,1
4871,4872,3,24,11995,12578,0
1593,1594,2,24,20000,19510,1
6889,6890,2,34,16480,15480,1
1203,1204,0,22,8900,8900,0
5351,5352,0,20,8500,8000,0
7137,7138,15,54,17500,12000,0
4606,4607,1,21,10800,11639,1
5673,5674,3,31,18990,20897,0
1860,1861,2,19,13990,14237,1
57,58,28,52,22990,15410,0
3482,3483,19,46,23950,11600,0
478,479,1,22,10400,12202,0
3194,3195,16,33,13490,14111,0
5030,5031,1,31,20250,18250,0
2189,2190,5,34,13580,16174,0
505,506,1,26,9500,7196,0
5945,5946,3,35,17845,14470,0
5011,5012,5,54,14780,10780,0
1438,1439,16,55,16499,17664,0
1543,1544,2,36,8500,9197,0
6733,6734,6,32,11970,11005,0
5447,5448,1,32,11300,10551,1
7030,7031,1,22,9990,11087,0
3554,3555,1,21,11987,11987,1
5039,5040,1,18,21990,23346,1
535,536,20,40,26000,11000,0
4813,4814,1,27,10200,7753,0
1079,1080,2,34,11715,11840,0
3196,3197,5,29,10220,7905,0
1783,1784,5,58,20660,22237,0
4581,4582,0,23,9650,9764,0
6106,6107,0,36,9890,9890,1
4553,4554,2,29,12800,14209,1
2406,2407,1,32,7650,8305,0
6560,6561,1,22,25040,25154,1
4559,4560,1,44,13000,11952,1
5903,5904,5,59,14023,14023,1
185,186,0,37,10120,11306,0
833,834,0,34,12000,12828,0
6314,6315,8,51,15900,12897,0
3047,3048,1,30,7990,7324,1
5689,5690,4,47,22900,22900,1
4828,4829,4,31,13000,14793,0
4640,4641,1,54,15990,18408,0
1926,1927,8,24,8453,9166,0
7289,7290,4,64,35200,25200,0
5112,5113,2,18,7600,7600,0
5266,5267,0,21,6350,7254,0
95,96,10,51,18500,20378,0
4071,4072,1,24,25500,25810,1
5825,5826,2,22,12150,12512,0
1024,1025,4,26,20990,22381,0
5360,5361,4,31,12537,13594,0
4195,4196,0,36,14990,14580,0
1971,1972,23,63,19500,15477,0
4582,4583,8,37,34829,13829,0
586,587,1,28,10990,10990,0
4935,4936,3,66,17900,19003,0
4386,4387,8,37,21990,16990,0
1562,1563,5,51,11149,13334,0
321,322,26,46,15300,17384,0
7054,7055,11,47,29500,29500,0
6365,6366,1,38,14980,17142,1
842,843,0,28,9500,10453,1
4787,4788,4,44,16000,16000,0
2499,2500,3,46,13499,12137,0
5594,5595,3,40,12990,12025,0
322,323,7,57,15990,17518,1
1966,1967,0,23,17495,17495,0
1372,1373,2,54,17021,16224,0
6027,6028,0,28,14500,6000,0
3150,3151,10,37,19490,21202,0
6114,6115,0,27,9950,9950,0
4922,4923,11,35,14689,14358,0
2907,2908,2,46,12980,13718,0
1839,1840,1,21,21690,25931,1
5866,5867,8,46,13850,13850,1
2226,2227,2,34,15840,15950,0
6393,6394,6,30,13992,15090,0
349,350,1,29,16800,14000,0
3751,3752,3,24,17490,18403,0
410,411,6,29,19890,19890,0
286,287,28,46,16990,18789,0
1108,1109,1,45,11233,8866,0
7242,7243,35,59,26470,27490,0
3689,3690,11,75,18300,18300,1
1922,1923,4,55,18620,21884,0
2794,2795,2,40,10900,8900,0
5908,5909,3,53,14010,10104,0
642,643,11,67,19190,19190,0
4706,4707,2,39,13701,14958,1
4730,4731,14,44,24390,7690,0
7260,7261,2,25,13900,13900,0
1945,1946,2,20,7990,7955,0
5812,5813,1,21,21990,21990,0
2826,2827,2,30,10700,10700,0
2126,2127,33,51,19990,22863,0
3053,3054,1,27,14790,17249,0
4608,4609,0,24,6950,7080,1
1173,1174,13,33,12030,10280,0
5564,5565,0,49,12190,12190,0
3626,3627,7,49,16388,16388,0
1599,1600,12,42,13600,13093,0
3100,3101,0,33,10950,9715,0
1965,1966,6,36,19400,22603,1
6869,6870,4,39,12500,12500,0
1406,1407,1,18,10990,11822,1
4098,4099,1,41,12500,13965,1
625,626,2,22,8900,8900,1
3454,3455,2,54,16390,17914,1
6451,6452,4,23,12035,13167,1
5880,5881,3,32,9650,7850,0
7106,7107,0,27,11990,12088,1
6156,6157,1,25,9385,7867,0
2206,2207,4,29,22750,14742,0
6246,6247,4,30,7990,8122,0
4794,4795,0,29,16730,11730,0
4692,4693,19,57,19990,15781,0
6261,6262,1,36,10880,12588,1
31,32,9,71,22830,12330,0
4987,4988,0,25,11550,12537,0
2927,2928,4,30,22450,24689,0
6599,6600,0,30,9589,9202,0
3038,3039,3,44,18500,18500,0
3881,3882,3,23,6750,7073,1
2251,2252,5,27,23999,23999,1
3125,3126,0,27,14890,14890,0
5106,5107,1,19,15950,16449,1
6000,6001,5,31,21895,24053,1
5538,5539,3,30,9790,9790,0
2526,2527,1,38,12950,12950,1
7107,7108,1,46,16410,17678,1
1805,1806,1,19,9900,9490,1
7150,7151,0,31,21850,12837,0
3567,3568,7,33,17500,12500,0
1018,1019,1,22,15885,17642,1
1188,1189,7,50,13500,13677,0
6162,6163,1,24,7900,8969,1
5761,5762,6,43,16690,15690,0
2301,2302,6,31,19985,13985,0
3954,3955,2,30,9246,9725,0
4094,4095,0,27,13550,14796,0
303,304,0,23,25280,20280,1
7216,7217,24,53,22300,23627,0
2991,2992,2,49,19179,22929,0
6664,6665,23,63,21950,17352,0
5388,5389,6,40,10430,10430,0
1483,1484,3,31,11149,9078,1
4172,4173,2,20,13195,16129,1
4112,4113,2,26,7750,8829,0
4434,4435,8,24,13990,15958,1
3341,3342,1,37,24900,26597,0
5786,5787,1,24,28990,29777,1
1161,1162,10,48,23940,10704,0
2519,2520,0,25,8000,8938,1
5170,5171,4,53,12138,13274,1
4537,4538,2,41,22329,26658,0
3590,3591,12,44,14990,16098,0
957,958,20,53,26980,24203,0
6098,6099,1,43,15890,15890,1
5584,5585,0,20,11313,8490,0
7146,7147,10,56,19880,21779,0
5044,5045,1,28,10600,6379,0
4881,4882,2,34,21950,21950,0
5230,5231,7,26,14240,14240,0
376,377,1,59,14900,15818,0
7113,7114,7,43,11990,13186,0
2223,2224,7,39,19340,14254,0
7064,7065,6,42,14600,13100,0
3715,3716,6,33,13659,14449,1
347,348,2,23,8875,4649,0
184,185,0,60,13490,12147,0
491,492,10,31,21593,11571,0
2521,2522,7,43,10700,11853,0
7309,7310,2,59,12985,14339,1
755,756,1,26,8900,9725,0
4717,4718,15,38,20790,24038,0
65,66,9,36,19683,22848,0
6398,6399,8,73,22990,22990,1
3121,3122,17,45,13794,14925,1
865,866,23,49,19990,21880,0
7191,7192,20,48,22250,11150,0
3721,3722,0,56,13300,14970,1
6492,6493,31,53,19480,18965,0
2107,2108,0,23,10990,11941,1
168,169,2,27,26228,21368,0
1793,1794,14,36,29493,25993,0
1905,1906,4,34,16750,15050,0
6605,6606,8,27,15899,14665,0
1027,1028,20,56,29480,27480,0
904,905,12,39,12500,9500,0
6395,6396,2,43,21959,15959,0
2728,2729,0,29,10980,13133,1
5703,5704,15,71,19400,20397,0
4708,4709,5,27,15150,13766,0
4168,4169,12,29,28900,27937,0
1115,1116,3,31,17205,18000,0
3942,3943,23,50,22670,22670,0
80,81,16,38,14900,14900,0
3458,3459,4,57,15655,19299,0
2441,2442,8,27,24000,22500,0
626,627,5,21,18800,20539,0
308,309,9,73,20000,20411,0
3187,3188,0,28,9300,6818,0
4836,4837,11,47,26797,26797,1
1263,1264,3,20,6960,7729,1
1916,1917,6,24,13500,13500,0
5968,5969,0,26,9900,9323,1
6804,6805,4,34,12790,12790,0
2138,2139,10,26,12000,12000,0
4607,4608,4,34,10360,9990,0
6957,6958,2,43,19340,19340,0
3933,3934,0,32,15600,17283,0
4201,4202,5,25,14690,14152,0
6723,6724,5,31,19990,24490,0
3000,3001,4,30,16900,20346,0
3908,3909,0,22,10333,11181,1
4601,4602,2,26,27500,25502,0
786,787,5,66,29990,28494,0
3966,3967,4,21,14950,17447,0
547,548,4,67,23900,12900,0
809,810,15,34,10990,10990,0
228,229,4,50,17460,18490,0
6980,6981,7,44,19400,21018,1
1915,1916,0,30,8700,9506,0
6048,6049,1,22,10900,11934,0
4236,4237,0,21,8900,8965,1
5246,5247,11,50,20780,19409,0
156,157,5,40,20849,20849,0
457,458,0,63,19615,22096,0
3589,3590,6,34,13659,17476,1
5155,5156,1,29,14990,12768,0
4320,4321,0,43,15990,15572,0
2225,2226,18,51,16365,15461,0
6230,6231,1,27,11984,10318,1
509,510,0,21,13590,14830,1
4781,4782,0,27,9700,4997,0
6881,6882,1,31,19286,19286,0
1419,1420,1,34,12890,14338,1
2629,2630,0,44,10950,11080,0
1880,1881,9,50,14351,14351,0
4852,4853,6,70,22290,17498,0
4712,4713,4,68,15590,18706,1
7048,7049,3,27,12890,17259,0
323,324,26,61,21300,18300,0
2977,2978,3,29,24900,26833,0
5316,5317,3,31,16900,16394,0
5834,5835,4,67,16359,14359,0
5141,5142,0,52,12129,11562,0
1563,1564,25,48,17900,15041,0
2304,2305,2,24,14999,15108,1
1129,1130,2,66,18198,10798,0
2423,2424,11,41,12814,13933,0
2080,2081,20,55,21500,16500,0
4671,4672,2,34,13980,14555,0
324,325,2,38,11480,12522,1
1210,1211,0,18,10078,11118,1
5062,5063,1,24,18380,11801,0
4385,4386,4,21,10900,10081,1
1328,1329,0,18,10990,11955,1
4216,4217,9,37,10890,9178,0
2184,2185,0,49,28975,28975,0
856,857,4,21,9985,10114,0
5711,5712,4,22,8000,8130,1
7284,7285,2,20,16877,17016,1
6426,6427,2,67,16339,19779,0
599,600,14,52,14200,13945,0
7391,7392,1,25,7738,6803,0
4483,4484,7,55,15100,15100,0
7001,7002,1,25,11000,7896,0
3126,3127,0,36,12717,12717,0
6826,6827,0,43,10420,10334,0
6045,6046,14,32,21657,18766,0
4705,4706,0,22,8900,9826,1
6277,6278,0,47,11288,12647,0
7084,7085,37,55,23622,25560,0
7338,7339,2,26,13990,11990,1
479,480,32,54,23990,22990,0
2112,2113,2,47,14000,13200,0
1862,1863,3,26,24962,24962,1
465,466,1,41,20950,21800,0
5668,5669,1,20,15334,15334,0
3653,3654,13,58,18900,8900,0
7145,7146,1,25,12900,12400,1
5212,5213,0,21,11950,10333,0
4894,4895,8,48,15809,14509,0
6421,6422,0,35,13200,7381,0
7050,7051,0,25,14900,14273,0
1087,1088,2,26,10360,10490,0
5707,5708,1,23,28400,26448,0
2338,2339,11,53,14440,15666,0
1871,1872,0,26,11700,6108,0
1509,1510,16,55,23250,25080,0
75,76,4,23,9000,8591,0
746,747,1,23,24890,23890,1
5885,5886,1,46,11250,13360,0
565,566,6,29,13990,16903,0
6961,6962,3,38,15190,15732,1
1433,1434,0,24,9990,10879,1
91,92,2,56,22129,17629,0
6094,6095,5,31,9080,9080,0
5552,5553,4,42,29184,29561,0
2615,2616,0,41,14500,16911,1
2495,2496,1,30,15100,16384,0
6840,6841,15,38,12485,11184,0
6273,6274,0,21,8690,7330,0
2197,2198,3,35,13500,11504,0
3979,3980,1,24,14050,15462,1
29,30,2,29,8200,7352,0
4381,4382,0,30,20950,22352,0
2864,2865,0,20,22990,25703,1
2890,2891,26,45,15990,17495,0
4994,4995,6,32,8500,9941,0
5285,5286,0,22,14000,9000,0
1142,1143,5,35,10105,11339,1
683,684,11,45,27500,5312,0
6820,6821,7,38,29490,21490,0
240,241,22,40,23049,17931,0
4519,4520,0,37,15150,8940,0
3934,3935,0,32,12490,12490,1
6704,6705,3,26,13430,10089,0
4092,4093,1,25,13210,11900,0
5302,5303,0,29,19414,22300,0
3499,3500,5,66,15990,19138,0
7060,7061,2,58,19680,12825,0
188,189,6,38,12159,10659,0
5386,5387,1,35,23232,23232,0
4317,4318,4,23,7701,7701,0
6179,6180,8,26,7970,8709,0
3927,3928,1,49,13750,13012,0
1869,1870,19,51,18990,19027,0
5064,5065,2,26,10000,10832,1
1244,1245,0,36,15990,18984,1
4076,4077,2,63,20590,17590,0
5650,5651,6,57,15627,14007,0
907,908,1,52,11500,11500,0
1467,1468,1,65,19690,9820,0
6591,6592,2,26,21000,21000,0
1362,1363,16,52,17200,15908,0
3862,3863,0,28,9950,9550,1
4952,4953,7,47,18490,21146,1
6057,6058,11,38,15340,11340,0
1978,1979,3,21,23000,21250,1
1153,1154,0,26,10950,11226,0
7421,7422,8,44,17980,18719,0
1677,1678,0,43,11990,11990,0
4180,4181,7,30,9070,9638,0
7013,7014,3,68,17950,13190,1
5338,5339,12,58,20290,21813,0
1618,1619,0,43,12600,14708,1
2345,2346,15,35,14500,12259,0
1569,1570,1,21,25490,27214,0
937,938,4,50,15800,12000,0
6250,6251,2,22,19085,19674,0
6189,6190,10,66,30970,19970,0
3383,3384,2,26,14950,14950,1
6762,6763,0,46,15439,3939,0
4355,4356,7,36,18500,2500,0
2098,2099,2,26,20500,20500,0
2929,2930,2,21,27000,29425,1
2650,2651,2,68,20950,16950,0
5838,5839,7,35,16200,13000,0
742,743,13,46,15635,9035,0
5121,5122,4,39,10400,11432,1
2275,2276,2,42,24500,26201,1
2458,2459,3,47,17999,12600,0
847,848,0,25,26000,29175,1
3827,3828,6,26,7950,8095,0
380,381,0,19,9999,10882,1
3936,3937,19,40,13490,13490,0
1385,1386,3,25,11290,12337,1
1617,1618,0,33,14950,14950,0
5330,5331,5,56,15695,16911,0
6240,6241,8,33,13750,15154,0
2471,2472,11,52,19900,13000,0
2706,2707,1,27,15185,12185,0
3480,3481,7,37,18970,1810,0
2287,2288,12,43,15500,17684,0
1559,1560,1,31,15000,14000,0
2142,2143,1,22,14000,11756,0
5701,5702,5,61,14490,14490,0
3563,3564,25,51,19910,17914,0
96,97,5,41,12968,12968,0
5137,5138,5,30,15800,15822,1
6356,6357,0,25,13900,12900,0
1235,1236,11,44,12790,11490,0
381,382,2,62,28930,26930,1
6409,6410,0,22,16000,18241,1
6258,6259,3,26,14030,14598,1
3460,3461,1,37,10270,8626,1
1650,1651,0,27,10100,11696,0
3399,3400,0,36,35000,29750,0
4025,4026,3,52,13490,14424,1
1101,1102,3,23,21942,21942,0
5404,5405,3,25,18000,19599,1
3286,3287,1,24,11400,8400,0
3012,3013,8,37,18500,19881,1
1061,1062,1,52,10990,11917,0
7200,7201,14,38,14950,16950,0
518,519,0,63,19300,13300,0
1586,1587,10,30,20710,5710,0
6312,6313,2,44,12990,12990,1
4198,4199,1,25,20000,20000,1
17,18,3,22,9078,9909,0
1412,1413,9,52,14410,17302,0
371,372,2,22,26480,29039,1
1009,1010,10,58,24500,16329,0
4081,4082,0,20,21600,21612,0
4709,4710,6,39,9500,10546,0
1430,1431,28,46,17100,14300,0
5210,5211,4,35,15490,17585,0
3937,3938,0,30,10900,8900,0
4325,4326,2,33,15990,17661,1
5856,5857,28,55,17945,20863,0
4905,4906,2,33,19625,16125,1
496,497,1,48,13000,10000,0
5659,5660,4,37,9900,10172,0
1894,1895,1,27,14933,13499,0
2486,2487,0,20,10890,10890,1
6722,6723,4,32,22777,25107,1
7301,7302,2,52,16700,16700,0
2760,2761,4,43,13750,7549,0
257,258,4,35,12490,13838,0
1699,1700,9,36,29172,16172,0
33,34,14,41,16200,17569,0
4446,4447,1,41,25900,16900,0
5888,5889,5,36,24783,27112,0
4660,4661,0,25,9281,9281,1
5362,5363,3,22,18990,17490,1
3078,3079,3,48,19250,19250,0
6602,6603,16,41,16300,13800,0
1498,1499,9,37,11007,11007,0
3886,3887,1,52,16800,17941,0
6141,6142,20,65,26495,26989,1
6021,6022,9,32,14050,7886,0
4048,4049,1,20,15078,15217,1
4761,4762,1,63,16450,18180,0
2124,2125,0,54,16937,18330,0
6020,6021,1,54,33485,26485,0
4030,4031,1,23,8990,10088,1
4084,4085,29,46,16809,16939,0
3560,3561,5,28,16200,13128,0
5025,5026,2,33,23500,23500,0
747,748,1,22,25658,25772,1
2620,2621,4,27,14975,7396,0
3779,3780,6,38,16490,14490,0
6422,6423,14,57,20600,20600,0
2310,2311,25,42,15980,15980,0
893,894,0,35,10470,11612,1
2166,2167,9,52,20204,3285,0
7203,7204,7,55,21524,21524,0
6082,6083,11,35,15999,16755,0
2114,2115,0,31,17000,15641,0
7255,7256,1,36,23490,25708,0
4050,4051,0,50,12490,12490,0
5547,5548,1,32,25030,28437,0
4602,4603,1,39,16890,4218,0
5413,5414,10,46,34960,28179,0
1002,1003,24,53,25530,16420,0
1867,1868,14,39,17090,17990,0
4995,4996,0,39,9579,12756,0
3792,3793,0,50,16500,9500,0
7423,7424,22,43,23900,27815,0
6213,6214,1,46,13900,13038,0
6503,6504,3,31,11800,12905,0
733,734,8,82,25990,23315,0
4898,4899,4,33,10000,10892,1
6995,6996,3,35,11990,13005,1
5046,5047,0,37,9945,9945,1
7153,7154,3,51,23100,18568,0
5195,5196,6,41,13750,13750,0
3123,3124,14,35,12500,13839,0
3956,3957,6,45,15490,12484,0
7275,7276,19,49,19118,19118,0
4019,4020,0,37,16500,18798,1
1554,1555,3,54,18930,18930,1
4118,4119,23,58,18142,18142,0
4210,4211,3,23,14990,16451,0
3406,3407,5,33,13000,8615,0
3796,3797,2,27,10500,8728,0
2263,2264,13,49,14280,12906,0
858,859,1,30,20600,19086,1
5140,5141,1,58,15740,13280,0
4899,4900,3,33,9018,9018,0
3082,3083,18,46,22940,20440,0
6951,6952,2,29,15730,14620,0
3404,3405,7,59,24585,21585,0
958,959,26,55,17999,14120,0
4593,4594,1,23,15000,15000,0
101,102,1,40,15990,14990,1
1407,1408,1,21,15000,14428,0
2569,2570,3,41,21990,20279,0
3540,3541,16,80,22450,15450,0
2337,2338,12,43,22885,13885,0
977,978,6,24,12025,18473,0
3269,3270,0,24,10500,10500,0
4373,4374,1,42,22600,20600,0
3185,3186,30,47,20190,17814,0
3128,3129,6,35,17700,17700,0
4776,4777,10,54,16500,15212,0
2476,2477,10,34,16900,16990,1
1410,1411,1,21,9190,10723,0
7420,7421,0,36,13900,13900,0
169,170,2,24,7560,6592,0
106,107,6,28,20400,18900,0
2722,2723,0,29,14080,14890,0
811,812,1,30,8490,7490,1
4908,4909,6,62,20839,17035,0
7168,7169,4,30,11479,12621,0
3780,3781,6,23,7340,8064,0
5679,5680,9,48,15340,15450,1
4947,4948,11,44,14185,15583,1
5406,5407,10,34,11825,8311,0
764,765,5,29,11600,8184,0
5942,5943,7,29,18750,13750,0
4323,4324,4,53,16990,13990,0
1393,1394,4,55,19950,21988,0
2407,2408,5,56,28485,11881,0
1649,1650,2,42,13870,15366,0
2446,2447,15,47,22500,18636,1
6651,6652,12,44,31000,25000,0
577,578,2,25,27839,27954,1
1042,1043,5,49,11999,11999,0
1443,1444,0,22,6300,6828,1
2002,2003,3,31,26490,13450,0
6996,6997,4,29,15980,13608,0
437,438,4,27,8990,9621,1
51,52,2,22,13000,2500,0
7290,7291,8,39,12510,13200,0
217,218,1,64,22610,18874,1
4844,4845,1,55,28980,24376,0
6801,6802,16,41,19248,20047,0
693,694,1,35,10900,9900,0
2648,2649,1,28,23800,12900,0
7138,7139,0,24,10548,12423,0
6623,6624,1,26,8890,8260,0
2276,2277,5,37,25000,25000,0
5123,5124,5,33,27500,21500,0
1513,1514,3,20,11900,13073,0
