,Benchmark,ID,Job tenure,Age,Car price
5218,0.2425805369094687,0.11538858217013381,0.10471889495151683,0.08903767439023946,0.06757005205250462
5781,0.2609422038158358,0.16117689421252196,0.08946569054768128,0.12362268032731016,0.05738757233002229
6333,0.26239630509074874,0.17996162428208073,0.07540819602736436,0.06794022212895098,0.06406229260610502
233,0.9675581322539969,0.5045090795926198,0.6361389579454506,0.5675048070541725,0.35456575978361127
4829,1.085365283937428,1.1268876207592988,0.10841095470248274,0.17821009875985191,0.298339817475436
1832,1.2248025895476906,0.6188046398834822,0.28326777444153867,0.5317009976431083,0.3476222121776318
2406,0.21769388098529616,0.14958436021337576,0.025299588889247635,0.10376667671125744,0.13121441793389954
2208,0.2923394178116034,0.053034094211086985,0.12434889527437872,0.13080792589961862,0.09950288243882678
1593,1.2471294646657072,0.12537667215531764,0.31598623532323805,0.8318145373927827,0.5271970748716628
1188,0.2505582819444894,0.054182271655958354,0.09581889423404608,0.19657690210470044,0.08065156211323848
7113,0.26212590829353827,0.13943999612565774,0.08593281962426058,0.08971927162367219,0.10393954232539461
2858,0.23151995041624737,0.1533039977471417,0.07146210678117501,0.1816898320042187,0.035334762893846655
2018,0.21626913078742105,0.048571201799416555,-0.012989584118067027,0.09932598105159686,0.16502298596985918
6725,0.3063227600970152,0.15157063320382985,0.0842933989101619,0.08428084317165126,0.04683604357917481
6133,0.25900943539289845,0.1575177932751464,0.10006273385062978,0.11156379032634157,0.06706087201397647
435,0.25440009333642516,0.03456975968316481,0.13185969320949778,0.17370169179608033,0.055737837973575594
3307,0.2055376432454857,0.051733902646390835,-0.004117609602628846,0.1642028271935772,0.11487133058542041
6648,0.2815358978347711,0.13953887256642875,-0.018415905250809855,0.06850298826576551,0.13866266138608196
156,0.23112799124163866,0.15734851501486952,0.06465936281420735,0.10220909250709398,0.10900981858751539
4326,1.1860891304156411,0.5137752146134442,0.5945480741290798,0.2839684294923533,0.4718829930728203
6977,0.19699586834672242,0.174272305269464,0.10461575852803694,0.1300778993890736,0.09391288828621355
5610,0.26709553482065035,0.12078485921429767,0.02891093317835967,0.16859890513960182,0.05557394074408905
3049,0.21664665901581945,0.09589445287472591,0.11310926721122694,0.12368030219868914,0.11917727626570822
168,0.261076240400975,0.10189945902703779,-0.015920900641060182,0.1377075284208109,0.046519683810630805
3017,0.2774982902997627,0.10132660345749162,0.12173505956801077,0.10022349214548863,0.06835164677478962
1575,0.2282744550727957,0.06553355610800796,0.06533266429183833,0.1922810458571443,0.10592267638122096
5553,0.9086695988392631,0.3742979996914872,0.5653784030535554,0.45813804675757,0.659996654792526
5291,0.222809039936054,0.15734963606295077,0.10899389970476074,0.09500949751934468,0.07597679161420164
5061,0.25241265853250505,0.016450259545051693,0.13484997686156747,0.06525800248962348,0.16409049817583066
970,0.20704836763985066,0.08579515491987638,0.08887579504729927,0.11101245887995632,0.10262253503947891
251,0.21340996899547912,0.15731398673396535,0.04335182614248249,0.12752460027909612,0.04169088130522282
6533,0.27672427793904586,0.1015774940180874,0.1010743676391982,0.1467099929329128,0.06580888551677631
1046,0.9448433337344652,0.7080089020186036,0.15216904866962966,0.5074076615116391,0.48222712792862643
4584,0.20987096288164972,0.1101425255688645,0.02323529095233475,0.17643323755098528,0.07686443748497808
642,0.2394241954625193,0.1430916981456967,0.07334098336544016,0.07181008010561164,0.06684338868620343
3520,0.9925820044633211,0.5176955197537636,0.4344895374824665,0.5625715228675869,0.4081063435178313
1025,0.22953667368157415,0.009430256459927431,0.11134787646588244,0.16923790254594495,0.1186409668636125
756,0.20120053242853758,0.08996433273424514,0.05741178696857831,0.16617138762434663,0.11708293424021644
748,1.024598036999968,0.48220560380546496,0.7763273657701869,0.32295937859856405,0.23189081350423515
2521,0.25471439445303795,0.12184783700498993,0.09803139472730726,0.10038290518265008,0.07915294503815157
683,0.22750826966595553,0.11704145546120812,0.1388418048694741,0.10903358480683889,0.09239543760336072
491,0.24620123685438652,0.06097156304595033,0.11624820183887752,0.031100564290762116,0.12856448447931365
2245,0.22035382234184436,0.07593553704480949,0.10769438076891337,0.1881183701216471,0.06900925357928234
3668,0.20148548246811257,0.0744584440928837,0.009878003063600158,-0.029969426776726735,0.21485402160304506
1632,0.21683047013576848,0.1420769254225005,0.06885634262099243,0.1250899080561205,0.10901766592408449
2302,0.2262181675339911,0.09723545058958155,0.025123360130866627,0.16709468282410844,-0.026700450571644826
4482,0.24627143484696856,0.05208523911507146,0.11560472024020911,0.1766722450019192,0.06088322445714373
4091,0.19452683128707426,0.14064332913612917,0.05326256381005678,0.1652247746244937,0.03184157707250403
6153,0.19804015520849547,0.1473741018162772,-0.026152482269503542,0.06133680051083913,0.09918428057412018
5364,0.22506626005641284,0.10766769982457834,0.13121867791660835,0.08584223893929119,0.05618917193110854
1539,0.2748104654200287,0.05682951459514916,0.07175828768425538,0.17966230444437264,0.10895735353731038
4475,0.25607114798910896,0.03484239857653792,0.1392460548075922,0.1405841377974364,0.059769126873944034
6808,0.24927307165869794,0.14735280190273248,0.0916645142543505,0.1350239635237859,0.06316747202760832
2899,0.20404489638580636,0.13362646498563258,0.1356595977858851,0.015354098731152867,0.1402433391807202
706,0.9888156497986035,0.30036801766412985,0.015603868243667452,0.8738881445129626,0.533008812334758
5368,0.2405482194169117,0.11870284871770025,0.01830267939459807,0.16294837439059826,0.10715336296487632
3132,0.21074868238123343,0.12047253521884642,0.0675931456429793,0.1067885739192199,0.08380619141402737
2348,1.352019696529432,-0.18774775162596868,0.18015691085784327,1.4767485659552941,-0.17360460903223962
1811,0.23609358199565814,0.037233818343575205,0.12378052389715764,0.14318631460375875,0.055034268197749384
7060,0.22064415341220964,0.19156626560050505,0.05519300860606191,0.1485574801709015,-0.0010405568290661835
5775,0.31267714597953855,0.1125884282726532,0.059920692574536236,0.05888305047048143,0.07128812011895674
4559,1.235603052120665,0.8013431052852482,0.4408839957382235,0.3393161427336351,0.171354441323447
1320,0.23246065243530795,0.05143839437215916,0.10150798903704648,0.13807747428764117,0.08767425571375799
3936,0.21714709487931344,0.0688906466922803,0.14414436229404096,0.09252503076155934,0.08822917451400329
1965,1.128696034375982,0.4615496202785933,0.13583672338273095,0.330099109618772,0.8567486646075263
6538,0.2566551121260062,0.11298640034151601,-0.024572477103714047,0.14108255577438414,0.10403595246038672
6868,0.22064293045066644,0.22438920816338231,0.03873198699942957,0.08366000674422523,0.053128934878765396
2531,0.24704715935384594,0.1371304128685557,0.035185887708649465,0.1293422676381221,0.11361979250745284
7247,0.2544347031480988,0.15281320289714695,0.07648507481426475,0.10238935703856761,0.021394081583601548
7380,0.2544597738597353,0.1617145488723152,0.052432091391426884,0.08230129646968501,0.08299275892623333
6086,0.26519713161707814,0.08537610714708507,0.10809033495122988,0.07412975279544542,0.08224883141948017
3484,0.2527586343530878,0.09989502505766658,0.06824828614169323,0.13185296692101003,0.043170888982160115
1992,0.23292574471020225,0.03459105959670961,0.09036185638387549,0.16001750628683764,0.11675581241009202
6081,0.21475803950459307,0.1355394214315693,0.06181302173577703,0.13443451644263635,0.1051392879820059
6049,0.24318443531952083,0.11004746069157,0.10197950186004297,0.08893767690138718,0.1246157047177292
1817,0.24041711793947626,0.04371549414005734,0.06673913121464213,0.19607669045082268,0.12442467812467499
2829,0.259377913705877,0.1309061297115408,0.13215721937027589,0.12204626251538066,0.05939581786286982
5598,0.22742657583486706,0.1651066161567242,0.03212161488321364,0.14403001538974797,0.1018373529633337
1652,0.24350485124384988,0.11990371542239285,0.11338100926613497,0.13918843293621316,0.07193003225031123
2937,0.25748342397924306,0.1275629401234766,0.04899271587798686,0.1163856423336454,0.07390778527534737
6245,0.2541802048509505,0.142607853793806,0.10529219894029565,0.1180649723594385,0.07868300168246906
2439,0.24799348699600549,0.1242110063603783,0.108467903945013,0.09658927847551804,0.0877859121026558
1775,0.28370640998171437,0.025096903396147847,0.11387853040461764,0.16413825482409408,0.11794389916665782
48,0.23554752966660125,0.13694678519283812,0.04727101023472051,0.13787680668108773,0.06276748207219915
468,0.2470350520345679,0.07097176035041264,0.12829319084363788,0.16420798401475115,0.08206565216299506
5261,0.2444477545936883,0.08829957633350906,0.050976746772278266,0.0753259110981966,0.13893686974676878
5700,0.2179986430018717,0.26760740537457345,0.013461321150679623,0.047523246053013925,0.03760600630656817
1616,0.22775347345537528,0.10592805741201111,0.11223283182126367,0.13367982687430266,0.011462268212098748
1803,0.21006052192085206,0.03495472759428454,0.055373945766384276,0.18586663294554034,0.07618149499384776
4690,0.23476385590969276,0.010475521690935052,0.0687377357339904,0.20687058979684814,0.065787137183999
3689,1.0777307019114406,0.3703498925587515,0.1583184458148137,0.8248550709040489,0.34083404183572114
3221,0.2116415666039533,0.09542316426134582,0.11350073720121821,0.12480448921462056,0.10395389174083529
2318,1.338016786859328,0.09933113787277055,0.2480807656848076,1.0489808327683248,0.3453662150188158
2173,0.2862917506841249,0.0538899023163543,0.11031628802146667,0.1524398938860728,0.10819436821317496
61,0.24489841592237244,0.11975371918911444,0.09484044346868419,0.11863446478474077,0.1096974694805871
65,0.2058391032658944,0.22811445093755484,0.06580014134174209,0.10426643994590269,-0.0002484242548168504
1608,0.24905562909630982,0.09642269073063625,0.10663229981668619,0.14302241737427218,0.0627302632758999
5901,0.1684334792081863,0.18812868376399508,0.08829531635080022,0.06487707035159652,0.13867342344766237
518,0.1699503184102675,0.05112382828054537,0.06326612425876293,0.11028467446557395,0.16348602905039167
5455,0.30452671877461224,0.07621781695168185,0.06844850532901414,0.14311748225156679,0.06507190850812723
2678,0.2412980171390724,0.03148149642878919,0.11442022083750351,0.14866868814056683,0.08654917185936145
4401,0.23391291926790606,0.014285739909670385,0.16512858869911778,0.15190918972438358,0.029689837385249516
676,0.19215391900472473,0.16252461821586534,0.0687377357339905,0.12234177078961242,0.06839783395573924
1893,0.23471726107489524,0.06308832603306815,0.10134745495180386,0.07421629770732213,0.1355797791624965
7104,0.31968324806845466,0.08718458191184432,0.05978975415863997,0.1284705406501003,0.0991475101970535
7403,0.255209938470359,0.14376387857524647,0.09097776019974384,0.09832645458230639,0.10813607371294719
3698,0.17924678287736448,0.10621571834967364,0.10606056529522125,0.04611857280714022,0.05988235273015571
4577,0.24540606725897157,0.05687435651840128,0.09517294632959884,0.1876020153753986,0.06549387100592996
2868,0.2716826189770369,0.1071717481534095,0.08834262457983118,0.17473776443282135,0.03658069573140761
4717,0.22947369116209737,-0.058053026471084256,0.09753140728304571,0.14147021420089892,0.13141755184623172
3686,1.3040353328265386,0.3529458453061265,0.4447381590417457,0.9326263555713397,0.2573240313247745
7347,0.24976176709137685,0.15873995989338374,0.03049923409995088,0.12006649160379827,0.11240031640461055
7110,0.23521292738837063,0.1955121306370781,0.041824510236514234,0.06999241274658567,0.0938106487011986
535,0.20443000697577282,0.0943622043571999,0.13159086587960117,0.10722376478438203,0.12293009682268077
2519,1.2666272628457445,0.002001070825126805,0.34876097281861934,0.990955608289657,0.30076397184644715
5375,0.2426262756711859,0.11728046291214203,0.10922954401145082,0.1396924561535674,0.07744738248725604
3790,0.23932452409674518,0.05313992114996205,0.06796555781558848,0.11262452602087118,0.10738429886962489
2778,0.2849767001366783,0.11259762086691993,0.11889970476077728,0.110724125313445,0.08275083675028796
3721,0.9678089616665158,0.637073239416409,0.84895939832901,0.1165239796668779,0.2803575336224744
2132,0.2482127640007085,0.05161484734015644,0.0907806799470506,0.10518928672643192,0.15229034607202693
6012,0.25581016799578143,0.13478293818630555,0.011830868821231367,0.004119851698791377,0.11457537389195618
3688,0.24444151748981774,0.058564224396158625,0.11305343901677802,0.19965664539365827,0.037600625275777885
7201,0.23512365119571405,0.21027184967552381,0.06347015500956037,0.09377522358182928,0.03583945874004967
4664,0.2416241809826547,0.03149382795768347,0.09084839125116131,0.19656322531810858,0.0710578568430569
1858,0.2272925392497279,0.07887828825823202,0.1192709958853051,0.14720661723293044,0.04565131996685293
763,0.2817118820008435,0.0723914556405758,0.09798453491750875,0.15689516317079027,0.09666259502003542
6605,0.2395466139129977,0.19741791237529457,0.0996338208547229,0.10783899597140159,0.01983403107365919
5094,0.27186630780083154,-0.00012645422357110956,0.14697657816664683,0.1502042998023368,0.08159256987268493
3332,0.23626638646171805,0.025182327259943186,0.1417246921153549,0.1570014385288979,0.08470549618484922
2181,0.23250639119702507,0.07654404194334123,0.07150739712365967,0.09039929938979108,0.1745460652109186
1383,0.240601540540197,0.06586650738815515,0.10102526573323711,0.1201458618079545,0.12042477857058302
247,0.2177338718277602,0.1384283623370892,0.07351250372187958,0.14238341996792905,0.030134220844678348
2189,0.21330185919505665,0.09935041989976923,0.08413465850184924,0.16133361673428823,0.10248487033509482
6116,0.9614265699646519,0.3678593721413273,0.567194276735651,0.38765708125715204,0.6962304982475783
6888,0.2513324166013606,0.1582733796819452,0.05183838432756849,0.1653655782635054,0.059915311543746075
5360,0.2174437853497036,0.14460488884584052,0.06991169728473182,0.1116810519556459,0.12015348493490756
2177,1.0985144441541956,0.4773359951498971,0.18837374487456793,0.4506128994070102,0.8402632041527213
3948,1.1418031247156617,0.7854318456576873,0.5371053462334574,0.2541662630893572,0.10462652058961791
3787,0.21626081464892702,0.09039974780902357,0.08163494549015805,0.10610787352425223,0.12690645436706532
4384,0.19673953560725932,0.049930136283573005,0.05981508984527735,0.23784739037943436,0.06538535355165973
6784,0.2844862925578389,0.1174679021513361,0.12506233027332045,0.09922620777236082,0.06615259885850408
3095,0.19358184890261224,0.11837505425872709,0.09241785856498667,0.1324518308060425,0.10228846271125037
3047,1.1785824701670768,0.3729480335919812,0.44658833679512955,0.596744207320354,0.3815218093177935
2299,0.9220626175877529,0.5417388621631022,0.3231093748318427,0.3227282184841993,0.47238006579207037
6274,0.2433096665815487,0.18371108169480943,0.09325954146442957,0.09546127989611021,0.059411960955240664
5968,1.1394846342219866,0.20469799861528096,0.7195855171349954,0.4935248262823892,0.31741803793268
4121,1.2633623224137553,0.2183389116685855,0.6078717305753754,0.676992864753172,0.3106720189986261
4766,0.24635630837806935,-0.05265159260574622,0.1836635492561621,0.19622018460522966,0.005369371890212662
4708,0.1974851752601731,0.03592981521540249,0.0675442679466344,0.18599779557105284,0.13482508959416273
5049,0.24859909755221815,0.06095340206703323,0.1534533213515714,0.15227039141617965,0.08634379585086663
4467,0.22458759290838862,0.0680852857506716,0.051277636077300244,0.13518853338212128,0.0785504937992589
1533,0.32391591796961,0.07038186485003063,0.09639825188246394,0.13311392180286055,0.08048295648181046
2827,0.253102164250584,0.12596724028454884,0.10424670949967171,0.1438546834698321,0.03756407910832731
7025,0.2835570863772848,0.1204019091897243,0.08853185749595523,0.053035887888017115,0.11078511032906807
2890,0.23664562683627682,0.15746263770954627,0.13564793888583962,0.08500257392639467,0.03922076396287812
2436,0.2682272634327651,0.10661167253199011,0.10083962017097323,0.13413833553955595,0.08642294184540662
2952,0.21150863068420314,0.13622864179195493,0.08121836402314556,0.15926124725119004,0.06152020397694053
1426,0.2468465936607545,0.1310973805142112,0.08443756569341752,0.11185840176210819,0.09124815699695446
3320,1.1882335934817136,0.7727173667387721,0.3013821177584776,0.3067487991332951,0.30818194700043444
3570,0.23299948929125971,0.08397255494929268,0.18214946171755322,0.1075154614951373,0.03653966537163195
7191,0.3158435157111425,0.08354588404954846,0.06529970547824808,0.1368162951961744,0.07910204945526042
79,0.2135106187304878,0.12468498548915352,0.028293684104793757,0.1501390548040049,0.0696558741125784
3954,0.2280581131757965,0.04693110845646917,-0.005500758725341444,0.13409125152014115,0.04772660417496246
6075,0.2638919870581319,0.07260961159719753,0.1513583066972309,0.06837115301140419,0.022351680854651224
445,0.2884245956155362,0.01954457645906643,0.12038957766082994,0.14432619629282853,0.11469734392320206
308,0.23264067237447286,0.15134888989334794,0.044389244036921065,0.13910794168397556,0.031696289241167096
7114,0.34566396538921007,0.07397168501598161,0.10108131813730235,0.10982818368686703,0.06431004423207319
4825,0.18294893206106214,0.07092691842716045,0.06484994098802896,0.20962478072299523,0.14447125991454934
1335,0.2192150005527788,0.08108608034955164,0.06924870944944875,0.1097194420229805,0.12743110486911544
957,0.2282894974997776,0.06573332687609626,0.1518190574586467,0.13001063650419536,0.08107912985144775
2859,0.24448615558614614,0.13154916289097665,0.054514326097640516,0.16117173739134796,0.042911030036913905
5584,0.1720324104376344,0.2481774000294162,-0.004962431436699297,-0.0699912916985045,0.14921575960424327
4127,1.1513178878182277,0.3084081745032406,0.42268422855748883,0.5866280936442848,0.6357900877825494
6076,0.2826957545623805,0.08080223097536553,0.08000404474147728,0.15168116854464636,0.08348377798584435
3265,1.0149859261585608,0.7740312350900602,0.3794528029789384,0.2568038650150488,0.2625669489914159
3362,1.4137247103782482,0.44715424186657143,0.23909937687663413,0.9793713700463127,0.031040924532837078
2206,0.20671853491163872,0.0989398920923958,0.08220578317315792,0.12867277772396743,0.07406159307210229
6804,0.24856191952130363,0.15089284753387353,0.08155736896293181,0.13076151450905263,0.09352747195586135
2138,0.21175835943133287,0.05203748246680786,0.13357175783926498,0.12056849693460606,0.12888667369788023
6209,0.28001856944807263,0.12893398192691125,0.09183087778961603,0.12053060550945807,0.07177398235739382
5643,1.2981027463802792,-0.09151429381145651,0.19094229023845086,1.3090308046075971,0.04919248664607529
2684,0.2689475877817338,0.01940713596429862,0.16645277069275383,0.14420131153657126,0.057222329842838045
5477,1.24636902717812,0.040651893943469825,0.33677360568523795,1.0931106662792323,0.4028374175357034
3007,0.24553655725563528,0.14164778821697746,0.1150359004437557,0.099725971007006,0.04225207797472356
167,0.23394679530265364,0.12263840011192538,-0.014561741947287392,-0.020669211894230453,0.164309102551685
6721,0.29764902764773626,0.14936351374135892,0.10727667825381962,0.08617945020214739,0.025953159920647787
5738,0.2275340741545179,0.19050575411559162,0.03955976890266433,0.10171605556093657,0.04685196246192924
927,0.2488825800379414,0.06336006808797617,0.0985690493871005,0.16165266701822728,0.10842081992559836
828,0.22310230611412293,0.028307585101001884,-0.0033032802763697674,0.031549656152132434,0.16909149366652693
2291,0.28099449275957866,0.04071198212062832,0.16726396108438527,0.12330542372030115,0.056238946465918434
800,1.1981455744935232,0.6554972162134042,0.44445946648873375,0.5602099229795126,0.19503792729868705
1038,0.18037300816253474,0.04419328483230902,0.06453806541181022,0.16517141273582364,0.14359796345921363
7261,0.23246737872379566,0.1592955513224779,0.05083370103710397,0.11286622398720035,0.13972474233830912
3908,1.430660159532888,0.417111722754944,0.5235852821633176,0.559837286597287,0.19795310072930952
4808,0.15260407647325294,0.07264750302234554,0.08251272613781889,0.1345634369719863,0.17941074125492829
7155,0.27830899150677685,0.11042794441036448,0.031815568757017756,0.18164678375789667,-0.003452603880799404
1374,0.2394917029397062,0.064086507244661,0.0895136714055611,0.18614442866008737,0.08294881384144621
5014,0.28026988804520864,0.04662102655718059,0.13493181337150276,0.147256167558124,0.09439561159002291
157,0.2660237313241544,0.10306333114504744,0.14739764382598464,0.08900807872089302,0.05962585692915346
5703,0.2683310928677862,0.14633466603529235,0.08204121331482256,0.14634901545073303,-0.024374051593323138
3470,0.22308567383713487,0.06913884673748098,0.02348169732060535,0.10212366864329861,0.09744306869423916
3050,0.23867207411342645,0.07805611159540378,0.09660004053709857,0.13630756357687876,0.08707382236141159
1543,0.1994014337022765,0.11406260649956765,0.07076683276115037,0.11348324885114985,0.01037014317129258
3903,1.1106656677516789,0.6423110002618763,0.5427224697496383,0.3835273643352452,0.33570793737915144
6903,0.22982406964423574,0.21194310815513143,0.0018631819111268595,0.09690563824406194,0.06857540797181784
6658,0.33798058719764734,0.09593301692872282,0.0733326876096385,0.11820779388499657,0.0657319816183989
4836,1.0548290348681013,1.1394032257485907,-0.020127297251727988,0.1757646444752957,0.3103899633013707
6289,0.2622753541941223,0.10062617261629297,-0.012943172727501095,0.11780062922186706,0.15882291745140048
4094,0.21260464881925525,0.1345286844814658,-0.012465830454481915,0.1613656787094135,0.07379388679028696
2646,0.23082824336739044,0.045911178912098984,0.06330536094160853,0.11826989994870081,0.16244726589825562
7241,0.23316532287652314,0.16048901910983393,0.07823099509608729,0.12044159429180246,0.058086209494290796
378,0.24423985113133748,0.06595663965389197,-0.015403649056346594,0.19358572161416568,0.01612560402070622
736,0.19635442501729283,0.12070930057361777,0.08824643865445526,0.12754051916185058,0.11889768687423102
6147,0.1905186971252578,0.1500013900996207,-0.012816045875081184,0.0672303744838694,0.13877297251728216
7014,0.22845520878888664,0.16324276161674853,0.07259391692405931,0.1211182589136774,0.09936454510559384
4395,1.092907165478438,0.8700404832883114,0.34317389339101795,0.24910988782344443,0.2731711670020844
6257,0.2570772784507329,0.11990461226085787,-0.025372457014532432,0.12386863827634817,0.0811504285094187
457,0.16342007065782627,0.029953732103588367,0.07190693865983622,0.11006024063969687,0.1451885064769675
1839,1.1515043894535717,0.2941719849187641,0.4970996244040505,0.8297405984423709,0.06438044605157903
2586,0.22268649918942124,0.08482634516801366,0.11572781131953631,0.08925941770072134,0.13461791990873784
1499,0.2650036591009375,0.0962076737086422,0.09185352296085837,0.12089225562048664,0.12168237030818965
4500,0.20174046994987826,0.08710857485193191,0.12250678906718032,0.13518629128595872,0.054449305308925056
1507,0.17863456832881822,0.2027025330305606,0.05328296688513653,-0.01651438349530245,0.12822009850873717
447,1.121225818381406,0.6024001191001478,0.2176250282504116,-0.030685328081447572,0.6956901530723899
2088,0.2440803769460988,0.02834054391459226,0.10052527828897563,0.1660725111835756,0.06960497852968718
5783,0.27765275034267395,0.1517215262755733,0.09439112739769764,0.12698941192508167,0.052534779395674414
611,0.2748597507702213,0.07300377210258398,0.10440118992527538,0.11760175529224369,0.06202198509813214
4063,0.21612922398687426,0.10588725126185163,0.07942872286615223,0.12003398120944044,0.11654169222656302
2225,0.2605400940604184,0.06560530318521145,0.0955641921099739,0.1847162134045064,0.09347276480949362
222,1.0072144947358848,0.5318135508704711,0.3112746944471348,0.4828138844943803,0.7342739375154711
321,0.28281866219747614,0.08106253833984432,0.10665651445524228,0.13233479338635437,0.0805369909993293
2676,1.1534858317459296,0.6520432670749071,0.2301973582726173,0.5361582848143722,0.4454448677522005
5096,0.2217290425972182,0.009553571748870789,0.04299757494879045,0.12620355722008766,0.11095999382975145
1242,0.24627693817391313,0.042842646103954246,0.08447119713585667,0.13838464146191834,0.11923086236399448
2199,0.29225087539587274,0.04990054061422668,0.12796046377310707,0.15810948245245857,0.07764782588419317
509,1.2360057733568541,0.3408930089647969,0.6316480393317473,0.6805122830996169,0.1582419903356689
6268,0.26097571296212063,0.15129866693930552,0.09958965156031949,0.1047644095036178,0.07682878815599255
1215,0.2675265064684883,0.028322607145291386,0.12987700757290396,0.10449378849679106,0.10097818171382254
6881,0.20294496477381585,0.2278658024731217,0.03192453463052044,0.10007977378146556,0.062495067388442314
5746,0.2800185694480727,0.13947273072963187,0.05405424796507349,0.11216130895367647,0.08515212174044072
5318,0.2525962250601454,0.13982765455217264,0.14224194370006854,0.06267264140452071,0.10620697417463962
31,0.23083937231743384,0.16372055230900032,0.08150378286464556,0.12824431314729318,0.06156616694827404
3206,0.23262465157825646,0.07323538063618124,0.05573447482933157,0.16627340299974527,0.043573345243348216
1672,0.23291388198323282,0.10795222182761324,0.09683590905340485,0.1333408219345164,0.10881677410791486
6900,0.31604322533115364,0.07611849209167836,0.10932842045222181,0.13753040282396492,0.030855054760956693
1634,0.2604475158715951,0.10726143199991384,0.09973875095513295,0.11010889412642544,0.12423230627392326
5071,0.21269808308115878,0.032568016229188736,0.0510958020785128,0.16604986601233324,0.15776218175687073
2091,0.25195955128073444,0.06351701481935872,0.1121489774247821,0.1675144032257485,0.0939341881997583
6758,0.23667167591714788,0.21112967566733745,-0.029359352410881178,-0.032729671362512903,0.0989118658903634
5184,1.1113760861121469,0.7685905645418765,0.26693320705847745,0.48862091355553405,0.24958297011375524
1747,1.0284586819996702,0.7609313398407928,0.09200733075761296,0.4560771119649011,0.5006759919930267
3250,0.24382086450662324,0.013213121105478893,0.12276193961048501,0.156711759704689,0.059431691401471594
1783,0.22072841546253888,0.041599852201020866,0.052186133442388816,0.17842690945877587,0.11380611069856549
4625,0.21574876065077223,0.06675213537238521,0.10173780389371385,0.12031043166628994,0.10763092944751167
2333,0.23422758727298176,0.13327849166119585,-0.006739516855182131,0.021762009563885337,0.18384583167418234
2481,0.26532138450987136,0.10360883314140981,0.0832819893312096,0.18356287913846106,0.039642726460680885
3767,0.2568121403881583,0.06281277241468372,0.17497049401450004,0.09399494900576481,0.03349153563856696
5141,0.23048043310449293,0.11033915740232524,0.00537587396908415,0.14853640446697303,0.05626697266795101
1730,0.24811994121957656,0.035428034094211025,0.10592491847738351,0.18763228367359377,0.06351522114242877
4890,0.2505338227136246,0.07676466420574185,0.1401532069149833,0.12238414640708567,0.10327969342473915
576,0.256852375822931,0.06722185451845152,0.12713066398332587,0.12506345132140173,0.04451121406816688
4626,0.23817383958071023,0.05153345924945374,0.039270986916920436,0.19475407792450047,0.08026816366943257
6077,0.23157816338570553,0.16553149337953837,0.07039217849237867,0.11946448878413814,0.07382706981349355
3813,0.22161176058522145,0.09228266016638144,0.1363470244693407,0.05915075675229678,0.05329350473710083
1199,0.28141372397660147,0.03613093124118851,0.14046373723350433,0.15187152250885175,0.07161882930294136
5905,0.9091546253873124,0.5352118960241353,0.6376694127860464,0.42945491054933116,0.4644881115093079
586,0.2318281367251439,0.07140650279634225,-0.0050166901638345135,0.15059106139038658,0.09731168185911031
486,0.2254195736462551,0.043629173437797035,0.15577792665296294,0.11524531222534319,0.01574018769035404
6286,0.20490207013146358,0.1692177236804815,0.02440252621458833,-0.10415388671853988,0.19291937063463888
6000,0.8752471605278893,0.47026263017610276,0.31843594959050353,0.6371355696897296,0.4766561915933953
2094,0.2299738824332827,0.05624858747941746,0.11650088607640341,0.11442649870675886,0.09354002769437189
3370,0.21676883287398913,0.020413612931693043,0.03577017796862495,0.14078278751744344,0.20054361863558595
7079,0.2524505703403454,0.12947298184440204,0.08435931653734254,0.1299563777770603,0.03221623134127578
4758,1.1886064744562472,0.9061267968158644,0.16548709987551868,0.3013500557833522,0.50554044382742
2728,1.1526309816272047,0.5425379452354556,0.5482714335424761,0.3666535728250767,0.4068543570206313
1420,0.23572143479805,0.1421112294937884,0.024981435443773646,0.15047693869570988,0.11015239079198019
994,0.23569893230565445,0.01237278346373359,0.07690210470050968,0.1248632321340809,0.06213476253511127
6534,0.2698237174313112,0.11388996509504691,0.116747292444674,0.09469582826619598,0.039194083018543116
5537,0.16871121377465623,0.20249670860283317,0.0782585728788873,0.10396913799474092,0.06655034671775065
3980,0.2191763549680123,0.01831994353505014,-0.03669661210301449,0.17760832014980785,0.13184175644019713
58,0.2860511941485694,0.10285930039425015,0.11120707282687071,0.12409015737721381,0.07703304311640609
2862,0.22990784250994775,0.145317202796701,0.0327173398336185,0.1597634767916141,0.09099749064597484
319,0.24158663606327715,0.12257427616167481,0.14883460325659983,0.11661299088453378,0.04533137284444877
1554,1.0843198964102658,0.5833290733506239,0.38460132839713435,0.22059558145625027,0.5022880591339416
1755,0.2495264692904574,0.03928376686504726,0.11063623514387075,0.21585691121657927,0.04566746305922369
7227,0.30456524206322433,0.1042016433668033,0.10890376743902395,0.07542568437743265,0.05579837456996601
5516,0.26869516851920894,0.1011970102992929,0.0874457861147881,0.09790023210179473,0.08751932686892179
737,0.2487105093488074,0.06841128653271479,-0.008453150952263119,0.12537577531685304,0.07334838228277679
1945,0.17286549184088984,0.11015306342082885,0.037854430561385016,-0.09444359244790272,0.17835045397963115
3154,0.20151568961823071,0.1003589147537101,0.05015569115753145,0.17431580193501858,0.08053340364546903
5162,0.23130752199618643,0.06072134511420338,0.13801985241626213,0.13650419541033942,0.08797805974379126
4905,1.260773068234406,0.41201476554848804,0.296315428850217,0.34777153578206105,0.6650155870525231
4782,0.9163963921656112,0.8185032124753816,0.17416064888056598,0.5633230735012932,0.3658535929142589
2540,0.20898615020511524,0.15085652557603926,0.07549339568154341,0.13665688215901303,0.0709222100252192
4486,0.2239531204597554,0.10767263243613602,0.12154313613649162,0.12097095319579415,0.0492256696692819
5857,0.9201516178802855,0.4694720670691672,0.19416776977797817,0.5664274798480398,0.7494040508399793
5743,0.23780401601003429,0.21232134977776343,0.049493151741480966,0.06059870245410873,0.023568242232482148
7006,1.6391808505746464,-0.31222175586622103,-0.12061939251749793,1.304292806996775,0.039083323468110366
2036,0.23466822031701143,0.08055403093016486,0.08204098910520627,0.16045247294238343,0.05173053950214709
6579,0.2909628522985319,0.13376569915733055,0.08136163396793623,0.1438111868042775,0.04000034079861675
856,0.19458186455652002,0.024451179701316886,0.11091358243918532,0.12782347169757172,0.07135852193846261
6834,0.27894297477079266,0.16306877495453026,0.04137586679437646,-0.0005253231308990132,0.09243826164006656
3626,0.25609267211227,0.07751666325868038,0.10156000566801904,0.16608663638940008,0.09234409360123698
7284,1.1914405655365534,-0.27331488536610776,0.055493897911083265,1.6639010410500898,-0.12064876397722743
4819,0.14724836098693986,0.1579814587615736,0.032991772403921676,-0.08582049060651395,0.1751155576362209
852,0.2228440166361906,0.051662155569187414,0.10069769548388019,0.08913655083101046,0.1826391355194669
3386,1.2427320618446764,0.6363905211348952,0.5974488981442617,0.2701826770269446,0.0428547534232327
6620,0.32587656991573316,0.11653586277654014,0.12137609997237742,0.09541621376324179,0.044891025158112725
960,0.23058401794720537,0.05273141122913499,0.13995702350075503,0.14120542264409497,0.07997198276635213
3149,0.2128389682509401,0.08741506939736034,0.09221046466994545,0.1602724326205261,0.09886859343442501
3612,0.22790952334829273,0.07622028325746077,0.13593358193695576,0.13900973787205337,0.09101991160760099
2499,0.24298338044181214,0.13234555544793486,0.04832972804270383,0.156462438611407,0.07776665698081131
1144,0.23976356729076856,0.05131530329283205,0.11116850877287378,0.19228037322829555,0.034967731752027824
1487,0.2248452709055493,0.16113743332006003,0.07697093705270182,0.10681772116933384,0.046907118027529456
1514,0.3007972975485004,0.06922718532628774,0.10291512858869908,0.1445176713051152,0.06162916985044329
2178,1.0885389914382915,0.5014950297212263,0.2864609677963244,0.549479474954889,0.6961044924432397
6045,0.2842632243723518,0.06318854773153676,0.1535961428771295,0.07118386264739539,0.0762196106286121
4705,1.488252231415633,0.28943129679254664,0.26911521504392694,0.7689367441893832,0.19191535997302328
842,1.0721755213974251,0.6531185763944939,0.6305944783449382,0.26771300810383214,0.3322737186868854
425,0.2753568846375486,0.03416192239118652,0.12948239864828504,0.17501130016465954,0.023202556348360805
6162,1.1545295071269315,0.13496791111972034,0.4994825242056697,0.9885410949321448,0.31613824944306335
7084,0.2914881142813537,0.11931471676047599,0.13454124021997652,0.12168237030818953,0.038803734076633054
1370,1.2365535378320711,0.46961331912741167,0.5895529080884064,0.08865068859257326,0.411433614223141
7129,0.2480262623653643,0.16634447744809985,0.06679540782832358,0.055130229913508834,0.09587360138041393
5277,0.30193465178371404,0.06629542038406207,0.11468523660392384,0.13822545263437325,0.07086750287885152
1047,0.20475604852320067,0.026022664901688423,-0.0036357831372844547,0.26655115387236905,0.07852179496837756
465,0.20723853815982454,0.060085262432871565,-0.000766124258763063,0.1386743202861273,0.18627402181828628
3653,0.2249174256366005,0.0884661640783908,0.16934933472522662,0.1333260240998432,0.06659855178524669
7264,0.8537208360360793,0.08466110268082899,0.38856019759145016,0.5521058663997671,0.7658242662964523
503,1.0820252536666841,0.5244195661454236,-0.1490209214477127,0.7620198775277393,0.454333433779242
6430,0.2534729661904945,0.13446209422543642,0.12253503947882918,0.12704882747339077,0.049568261962928316
1174,0.22794058657149102,0.05898170270163613,0.005063774183249169,0.12088687458969634,0.07523779671900624
4367,0.23633780741584334,0.06623510799728785,0.12736630829001597,0.09984054212091525,0.13640016214839457
1197,0.2481174952964901,0.027719707487166127,0.14686738808352784,0.095369129743827,0.10040129037118357
1328,1.5112003709976147,0.37035930936263456,0.31345580559411895,0.8275029864720888,0.11954318635944608
2585,1.226971144956165,0.2409450704376924,0.48704920414554587,0.9229916199413823,0.14942629243391217
1087,0.2074695555953427,0.03095527645942514,0.05560577850959789,0.07775230756537052,0.12649368446352927
3641,0.23589044808332582,0.04064247713958742,-0.013354373163723298,0.14299865115494856,0.14841017445301832
5613,0.2786945912813605,0.13192718030399236,0.13419438794362115,0.1065995652127121,0.056157782584832054
1912,0.24221646125804597,0.06739494434220479,0.12053710758832956,0.05909022015590631,0.1427230975365642
2628,1.1244627529940556,0.6243125733165437,0.27058692696506254,0.3818226986228145,0.5071379373432776
4525,0.25077853731842703,0.09429180253769408,0.12098530261123483,0.02860286916561731,0.04847680955097101
1871,0.23601482327227352,0.05096082788952371,-0.03683427680739863,0.09859550612181926,0.14086170930236738
6980,1.017470372533654,0.17536891450259523,0.31719315568756995,0.335874300914416,0.8992323511158473
1509,0.26084253245006167,0.09497878080191702,0.14106013481275803,0.13154916289097668,0.04418454065727505
3590,0.2550285732734964,0.07866887647664442,0.13368901946856937,0.06446116151343277,0.12232428243954427
1941,0.2408812318451361,0.05294463457419896,0.09356962336371817,0.09866815003748777,0.09675788410694625
3381,1.5567834497103548,0.29630623625595015,0.3064656223879577,0.6729075413352847,0.28211556122357506
6098,1.071240689593772,0.2689336052547557,0.6387987566231518,0.4376378889140001,0.6521275698906221
5885,0.23141709935046073,0.1342952822709384,0.016985223689449963,0.1311482760971025,0.11171558023655019
2440,0.25266250957578906,0.12658000516578943,0.08548776353598293,0.15341879307066725,0.042930984692761125
712,0.27068908501930833,0.06658711709481722,0.11467290507502942,0.12135614531653009,0.1012140502301288
1175,0.22150719737327437,0.07087804073081565,0.015035496866446372,0.22512349465663636,0.10809683703010156
228,0.2743512433605419,0.07041325419630708,0.05750057397661759,0.16982241701553677,0.12281552570877155
91,0.2725531230035155,0.10170865664359988,0.01962910348439673,0.1490680054671272,0.10545923510441005
1512,0.20665310646907525,0.17219746948058695,0.01688836513522532,0.0014080363901175493,0.16279232449768088
2405,0.27027572401769295,0.12416414655057978,0.09428776676460147,0.07157712631431669,0.11691679491456732
4922,0.24992821215741193,-0.0136581771937566,0.11359512944966396,0.1785190596110591,-0.007819758786326425
2855,0.26030112737486916,0.11795241913207556,0.10592940266970867,0.0931368988043349,0.1316543172010031
4772,0.1685232445854602,0.04643672625261416,0.07398222286794585,0.18045219492245937,0.13968191830160326
2929,1.006744266022509,0.041992443239093194,0.6652288103975859,0.79587934114659,0.2989447350201074
4416,0.2612297220746517,0.007929397288677946,0.11267564581337862,0.17075042061724005,0.0796827523613757
1055,1.217305223806855,0.7749413019224624,0.2649182352371418,0.266633887220769,0.4857907155694752
4004,0.2695506301187057,0.03282361519172605,0.1651315034241292,0.08488419124900894,0.1289736670289895
6840,0.2685748291033542,0.12150771101712228,0.08708794756723588,0.09053091043453614,0.0967397231280291
1595,0.1828218663567194,0.16350688054470372,0.04626408484809349,0.12553384309631685,0.10115867045491245
3528,0.22638877066927324,0.06980900928048435,0.17060020017434532,0.11061964363226748,0.0945689256233925
6525,0.27881052803565975,0.08236071201799412,-0.03179606252040309,0.11627465857359633,0.13860952370702811
3979,1.3931217218515843,0.37242158941300085,0.5263639119376369,0.6260959366042826,0.16379364464390145
245,0.26002828465457223,0.0807437122655216,0.14868101966946115,0.11773022740236112,0.05360268979792441
6110,0.23590622428723365,0.10354784812578688,0.06500800876749278,0.08732852448548371,0.11507580975545018
6314,0.2718354891699418,0.11552265952065775,0.09101475478642687,0.16149549607722855,0.011049946727795211
3437,0.2363955312006842,0.07241342818296931,0.09994905957518546,0.07572007160358303,0.007742406468716508
37,0.23050097885841933,0.13025255868014068,0.08339005836624723,0.13138257514609497,0.07541895808894494
4381,0.18775394796445405,0.10730044447314319,0.045165681938032005,0.08913677504062677,0.17065939151303833
1662,0.25539399418261666,0.1045408725162058,0.13583874126927756,0.1302182546088528,0.06039579275139284
1656,0.17643201458944208,0.12594795825755042,0.08774174280825231,0.1479734141205423,0.10590541224076896
5842,0.24098701801862638,0.15742115893053793,0.050344924073655525,0.09702177882528501,0.11059542899371147
2182,0.21529491962207567,0.08089012114493974,0.01576978335970039,0.14386611816026137,0.1488372937719951
932,0.2331672796149923,0.03083039170316793,0.13802769975283125,0.10766164616493934,0.09808341135827983
3438,0.25657439666415244,0.059376087416638815,0.15791980111710194,0.14801960130149192,0.03814343675674512
5219,0.2438788328837728,0.088694185258128,0.04563517687448202,0.08231407641781187,0.13168682759536096
5812,0.2746628539617595,0.23735614711020706,-0.023248070900461652,-0.023632814601965212,0.04493676391982995
4994,0.19479502675350685,0.10856095093576121,0.10765783460146287,0.13308051457003764,0.04076085981697325
2977,0.22135824065730775,0.1542746011759345,0.030153054452444244,0.1243569668205641,0.06597726693858817
3651,1.2085631278073088,0.3397730819315747,0.7595706116797064,0.3732448871239107,0.23051842644310314
543,1.3593389990695715,0.3333658437276907,0.2532198742991205,0.9421945009452675,0.2951497630552779
7167,0.28726840777255674,0.10631324953274711,0.08556937583630186,0.13452509712760574,0.059506353203686434
3942,0.231088856472255,0.07059194926046695,0.11888401008763905,0.18069411709840474,0.0937016828276959
6768,1.2437193586985347,0.532781687993485,0.42341941188920795,0.22150519986942013,0.5775967060916859
4987,0.11258608426302884,0.1699979731450689,0.0740084553930484,0.0929586521594076,0.17162304444372706
2516,0.2866396832431767,0.10269069476282204,0.08277370613114643,0.155649006123613,0.07026639689765651
4489,0.21602184796337773,0.054045952209271775,0.03311284559670245,0.09985197681134461,0.13660710762420325
1057,1.1982509937785506,0.7346436591726843,0.24764961059273835,0.5275582765634581,0.3367971476949462
1760,1.5573077333239425,0.2761675043137926,0.32687026693500004,0.8173808191363803,0.25061747328318235
3166,0.22202194188682434,0.1063275989481877,0.038947228231039965,0.159165733954663,0.10184071610757763
1728,1.1251389284313125,0.670053352920285,0.12370115369300146,0.566711553431842,0.37277202904321727
6704,0.26363112936095867,0.20983105356995518,0.017358756910140386,0.0396003508432075,0.08111500339004951
4545,1.2387677097061078,0.6912339869492065,0.43360906631941043,0.376445479396033,0.3227275458553512
786,0.2161383961984486,0.10693991541019586,0.07420172408226518,0.05833575479718887,0.1441578148710168
2457,0.23698157437220504,0.12576634846837922,0.09637874564584924,0.09227840018367246,0.13123885678207192
472,0.21485294132034852,0.09661483837177179,0.05471095793110123,0.2014453897121866,0.07318852082638294
5302,0.1746146937361868,0.162392782961504,0.10180327310166197,0.11526392162349286,0.04775081881351865
7221,0.22538068346918005,0.1554088776245977,0.07303067725653524,0.1133175579447332,0.13111442044504723
2306,0.22041986226517932,0.09942732379814663,0.09109121026557174,0.12362312874654262,0.1151058538440291
5345,0.2771468111522355,0.08446828241084513,0.08702516887468295,0.14847474682250125,0.08509427565944536
5386,0.23334509822337943,0.11272564455780469,0.0030324350599267302,0.16257013276796636,0.036061202050531496
5245,0.247687624314041,0.12520537600849474,-0.04597418181426835,0.12196868598815455,0.030066061121335134
1862,1.1883070934704623,0.4694911248865496,0.5618125733165442,0.450261114519097,0.2516894194585249
6767,0.9182285108535396,0.8139968233981563,0.003017188806020797,0.18396780170542795,0.6771545198864967
6179,0.2537621965954709,0.13346503406192486,0.13845594011988935,0.04759633838791489,0.03542354990188595
1172,0.2630009372777269,0.04728603227900995,0.08168785895959559,0.20450360887798325,0.0651358082487615
5381,1.03110113500615,0.40189439188970977,0.3792465301319785,0.6325011569216195,0.4889612637530181
5377,0.2202263897490386,0.11941740476472336,0.1150937465247509,0.11790981930498601,0.06590305355560583
6869,0.23202442205283402,0.17611172096126732,0.08355440401496639,0.09936387247674493,0.09663030883529393
3043,0.2422875153237083,0.08396874338581627,0.10455118615855384,0.13793599801978063,0.10417182348784076
19,0.28304882355991406,0.09170935617760265,0.11446483855113947,0.10890174955247754,0.07024890854758811
1561,0.2455328883710056,0.06617210509511857,0.07168766165513327,0.03391551602291596,0.18374673102379507
5865,0.24898958917297487,0.10331041014216669,0.07723393493257565,0.11301240865700224,0.09417341986030846
6553,0.9894191813201926,0.3795604235947436,0.8356476249923764,0.40249168630742865,0.27823112962185736
6606,0.25828201786697913,0.18468572089669488,0.07075494965148857,0.09202078333458882,0.05354103215345277
1467,0.17132211437332034,0.1554075323669001,0.08763793375592356,0.13237223639227,0.03633070200927697
6599,0.23986556228347478,0.23934421377759116,-0.0114441072331816,0.07162645242989417,0.050859260933357846
3966,0.18740393637077857,0.049094282834153,0.14174666465774843,0.10533950716932665,0.06089936754951455
473,0.23889538689122214,0.03835890219797162,0.08123405869628379,0.19684550522498087,0.06521383319522027
7303,0.2347759632289708,0.18955869269650624,0.06137088037251081,0.1320354735486463,0.06087044450901694
6073,0.2625947917492167,0.12536994586683017,0.08168135688072409,0.06223520844319597,0.12860304853331048
5993,0.3078323838259913,0.01275797558446956,0.10967123695548445,0.14715101324809776,-0.010010062527577756
4952,0.9596899645732503,0.770443881229888,0.2617023967111141,0.23672185810580507,0.6171616318155245
4417,0.21087000016632285,0.038308679243929195,0.02903626635384937,0.12766248919309642,0.15193721592641632
4195,0.22510735156426578,0.12216150625813868,-0.0031600103315791296,0.1211669124004061,0.12167362613315548
3044,0.19773686074577185,0.09677537245701442,0.050498507660794126,0.1360604845797594,0.17570791944238182
6057,0.2716881223039814,0.06545553116154923,0.14414324124595965,0.07454947319708555,0.08138248546224855
1978,1.1951610591433992,0.34957395688718085,0.5791341114303855,0.581122402307386,0.36342203962591113
4812,0.13963297945718128,0.10366667922240512,0.10272499883410995,0.12114606090609381,0.12540245626118815
7216,0.2838965805016883,0.10592155533313957,0.06809201203915949,0.1338060568882575,0.10056832653529785
1582,0.2902043715494142,0.07483847939244567,0.08332974597947308,0.1631151863450962,0.07774692653458033
743,0.22526731493412164,0.08522252355994638,0.1207992086297384,0.13650912802189719,0.08795698403986275
7076,0.31925031968214757,0.07711487962634116,0.08101253959541817,0.14730504525446889,0.030594074767629213
6499,0.21673471224693266,0.14852093400345098,0.06053749322886958,0.10557044307407523,0.13200206631582356
3341,0.2091768099097064,0.05496274533016202,-0.038920098867472386,0.16116545952209269,0.07269772597638807
6911,0.2529872058655194,0.1304343926789281,0.059836165549205886,0.13227380837073144,0.0731712566859308
6391,0.2975131566202823,0.0852935980083011,0.09293376489200267,0.13692548527929338,0.07423199238046045
554,0.26348364019884396,0.06030969625874855,0.08674490685435697,0.18255416007490394,0.044206064780436045
7193,0.2669607644585853,0.15031102357967682,0.0937752235818293,0.07646444752956867,0.07068791097622668
6332,0.22132901187642426,0.20318660159206753,0.06454793063492577,0.08375821055614743,0.07804534953382346
1544,1.309695932625582,0.23625684736167998,0.327228553901785,0.6735472113704765,0.3129033530996535
4421,0.23273606337484568,0.06304169043288588,0.061447111642039434,0.1277539667165309,0.1612114224934263
5609,0.2807006151007379,0.09709644062749986,0.03790151458079973,0.15835409514379906,0.09780853036874422
1721,0.24263031144427857,0.030338475805091802,0.09014414884648629,0.20702551864168428,0.07410778025305197
6569,0.25618231519338946,0.18027394827753201,0.10463728265119801,0.12092386917637941,0.030012250813432527
2549,0.255489996663761,0.1315628396775686,0.12059898944241751,0.0647035321086107,0.03686476931521015
752,0.21542235221488135,0.12657731465039437,0.11477133309656792,0.11771655061576924,0.06542010604218018
177,0.24137958867400655,0.10061047794315467,0.1322554231821981,0.07438154019450627,0.11142904034696893
6204,0.24517749574653985,0.10305324171231563,-0.0043700696305384494,0.14408180781110427,0.12455225339632742
6189,0.2476991201525475,0.1690746779453071,0.08898431250156946,0.06640909465950622,0.09491869262475923
3383,1.2455566138249448,0.4634289452820913,0.5583422568760602,0.4323525956298853,0.15438199758212395
3768,0.2087312850195039,0.11611300344027227,0.12469305703533895,0.09321402691232866,0.0749140380331257
2877,1.3581610425111228,-0.0998708104191109,0.24283179435852706,1.2649908791528102,-0.03177207209146273
1281,0.22127214416466362,0.06659608547946771,0.083107778459375,0.12642597315941834,0.13524996681697687
6762,0.27099458081280975,0.15742026209207288,0.0019676635923043706,0.11908310822687858,0.08382300713524694
4382,1.1328569164345492,0.8321643043941495,0.413272581495711,-0.11151065264728795,0.4650632091750167
4355,0.22686217908266157,0.07185716412502638,0.08763614007899344,0.14692523416452316,0.009574423243183125
2495,0.23468289585553023,0.15708394766768177,-0.0008762111803470639,0.06173835993356218,0.1285546192561981
6754,0.2436417006405384,0.23366745050348506,0.060843090935833066,0.06867428441258873,0.03985707085382616
2578,0.26885562107368216,0.10557268517023782,0.13637101489828055,0.12182339815681757,0.06321231395086047
5689,0.8398446251818549,0.2623884781368714,0.256203880081935,0.3095702529443204,0.9682514699182448
6470,0.9853030596541079,0.21519751073515636,0.8744571885190322,0.07170515000520135,0.44854501411623776
6520,0.19987496441181923,0.19484264072292345,0.09295820374017509,0.12166689984466751,0.049351227054387915
6453,0.2625680088914197,0.08454787682461777,-0.057134663882880105,0.14035185663499034,0.05696022880142928
5121,1.1068582215791083,0.7537994561571543,0.291382368873248,0.5150798903704661,0.3259940557546539
2275,1.1460973095824425,0.3400665723192598,0.47646763130611913,0.2699086928758737,0.6698313854001878
5904,0.24690174922635472,0.08847221773802982,0.031588444415745626,0.20365138812657613,0.02331600641418875
5852,0.30732730070863296,0.14016688370157518,0.05683355036824185,0.0901591708907758,0.0917295350430663
6338,0.2579338407156186,0.11849926638613549,0.05000771281079933,0.12001043919973305,0.09347657637297012
4104,0.2294296645465407,0.07785118400614144,0.014615103835957408,0.1594921831559386,0.08662405787119254
4313,0.20638332115263655,0.06279707774154537,0.1286662756450959,0.12694434579221323,0.13607416136635142
1372,0.25971007006102104,0.013589793260796965,0.012970974719917311,0.13862701205709627,0.13937856269080248
4076,0.23520302139987034,0.04361616928005388,0.025488373386139157,0.11320814365199797,0.14188634724867907
3181,0.23371590016329002,0.06650707426181215,0.005941779040526285,0.18917394899500278,0.07848255828553193
2478,0.24847484465942485,0.1378895866292146,0.10062056737588652,0.12523788640285266,0.07712788378408443
592,1.2482956807933405,0.23163499033208093,-0.052561460340009636,1.0027914097224464,0.4783821572193708
4918,0.24545645327455304,0.01089972628490042,0.10262029294331614,0.17073696804026445,0.09341065874578941
4581,0.17769716830592436,0.12578316418959873,0.001450860426823365,0.008856952471148686,0.14027607378469434
1385,1.293881816909939,0.43636258461670857,0.3138526566149008,0.8390547143210749,0.1342419203822686
773,0.24636670355118695,0.05149489519545693,0.11675783029663826,0.06922808216475276,0.06087851605520226
6253,0.26984646451601557,0.14010410500902218,0.13235990486337562,0.06958749017961874,0.08781214462775831
5330,0.2357407575904333,0.1032552545765666,0.04940817629691808,0.19782507703842414,0.030149467098584078
4852,0.26994784802795013,-0.06592637135569691,0.05520421908687489,0.17841637160681156,0.10735986002145247
1563,0.2660101564510245,0.027964095968890382,0.051616416807470256,0.17896478832818544,0.1354618449043433
3182,0.2574380521059888,0.06479254332626619,0.1534163267648884,0.13846602955262105,0.0422693421151756
6715,0.26663264387653374,0.16985604845797592,0.09792242885380459,0.07690501942552112,0.09508393511194353
3879,1.1809485338647838,0.5971941960201893,0.5553154270565399,0.42806660460544466,0.23737542913720605
1022,0.21552398031912468,0.0324592745653023,0.0816966031346297,0.17633817267369067,0.12041760386286271
7145,1.1951386789471583,-0.10660360098580515,0.420166130357264,1.0844570719300317,0.10583859777512321
2287,0.24799837884217843,0.07916998496898726,0.13420447737635285,0.09598301567314897,0.11319603633271998
3513,1.1143391996352645,0.5859245238684583,0.5941610883314141,0.3094094946494617,0.15301342208446814
1559,0.21644658250734528,0.07674964216145236,0.022477462449373414,0.0849951750090581,0.15031640461046727
2781,0.21369137244657865,0.15454925795585395,0.05030434213311234,0.12325766707203763,0.0945444867752201
4582,0.23652308608964426,0.033876055130454,0.09966184705675545,0.14584902800647154,0.10147973862539782
6598,0.24404943601905485,0.2333423465599069,0.08478284850245915,0.05526161674863762,0.014437529819878992
5459,0.23163258517437965,0.19865823997244908,0.013111329939696579,-0.0151058986859523,0.03603900529852174
4126,0.2665965665110082,0.07099687182743392,0.15155538694992404,0.1365082311834321,0.04924136434242019
4161,0.2916040510356529,0.06716983788747899,0.07559922262041846,0.15138655710887974,0.1019339873079421
1181,1.1910077594464004,0.42752693205910497,0.385110956854895,0.9826197189666986,0.1266690163834452
6156,0.20423054194807017,0.1726035130956352,-0.01934144254673421,0.017947307152824856,0.1077620920730243
4640,0.19871633064575317,0.12039294080507386,0.007441517163694519,0.1806228184404338,0.007323134486308909
5969,0.26184426025013,0.09566015382573347,0.10805625508955825,0.14801489289955047,0.06949847896196336
1600,0.3112966669895286,0.11770937590804892,0.07825386447694588,0.06727118063402887,0.03109989166191344
4100,0.2215352031926146,0.0981071775776034,-0.002148600752626849,0.1248849804668582,0.12039181975699274
3896,1.1393625826599714,0.6137267404944087,0.29613561273797584,0.62896402601549,0.2850255778330236
4861,0.23328174881543967,0.03863647370290243,0.1106857854690644,0.1954549571849316,0.06910745739120454
865,0.20592727879316214,0.08278648607927329,0.08721866177351591,0.23262846314173277,0.015905654387154414
2388,0.2347400081595995,0.16415798527032496,0.08685947796826628,0.07219347854941757,0.061885217232213074
2523,0.22821196173793606,0.1527567020738492,0.010410500902219464,0.1038045681364055,0.11469936180974837
3753,0.21600582716716132,0.08996904113618667,0.19379692707268334,0.1285160552022012,0.03262160232747519
7083,0.3082008621389697,0.09495703246913971,0.11177544420409173,0.13920166130357262,0.02030688915435311
3601,0.2238097893668876,0.09582449947445261,0.1248273585954792,0.09757512815821665,0.03860530856624235
2926,0.19965898940328292,0.16888140925609035,0.07569002751500409,0.13012543182772085,0.044958960671839666
3656,0.2399402852337668,0.05973684068920235,0.1687484529536477,0.14644587400495773,0.05953594887303281
3866,0.22699132382162784,0.04580849090785154,0.01663074828614166,0.2106725122597817,0.06560530318521154
2112,0.21265283350405897,0.08683436649124494,0.049491806483783304,0.1802248463715709,0.0744535114813261
6539,1.027872638828149,0.35438549525213675,0.7543557202150974,0.4074209347209215,0.3548357081615893
1650,0.20941724414910748,0.14531966910247981,0.015159708993854838,0.11226399695792391,0.06925879888218062
3399,0.21620773811795044,-0.0023445599572389127,-0.021938686741498906,0.1618531104151644,0.1436024476515389
3478,0.24582444240291407,0.08714915679247513,0.16741619941382632,0.1152605584792489,0.055116777336533314
2462,0.20021335787083383,0.173100361605269,0.02546998819760579,0.1121279017208536,0.08895359578414183
1934,0.2430210476573439,0.0629733064999264,0.030312243279989368,0.19607938096621788,0.13307827247387524
1295,0.2376145792669864,0.05685507449140281,0.10118400614154968,0.18309674734625492,0.07383850450392282
2755,0.2861134428911204,0.09849819914836216,0.08530749900450928,0.15756487729456115,0.06034220665310649
3286,0.1964046887367199,-0.0017891927377609057,-0.020324153294805188,0.05652234742087192,0.156854357020631
5979,0.2640956101550815,0.08390372259710062,0.10938559390436828,0.14081619475026627,0.07679538092316963
1034,0.1981387259088807,0.04568921139200085,0.14033078093106174,0.166471828510136,0.05830952227208647
1786,0.2457268500717635,0.032819130999400835,0.15318202771589587,0.1504251462743536,0.07983140333695665
1061,0.21656166318856418,0.06262286686971079,0.010771254174783002,0.19152276893495052,0.0642811211915755
1979,1.460180739040553,0.3248373583443641,0.3245987993126627,0.8638713556968971,0.18694485699013888
7297,0.3013286743390383,0.11928534530074575,0.11338325136229757,0.08287729097385889,0.07906662433589118
334,0.22042365344596335,0.14259193491105146,-0.023282823390982105,0.13625397747859241,0.06043256312845957
2284,0.19798622260443854,0.10619105529188494,0.04570199134012776,0.18851365167511488,0.13354373163723254
7200,0.26433518832140235,0.13269689191661543,0.11852325681507543,0.10472629386885342,0.06342688255362205
3927,0.2503760606745466,-0.008153831114555029,-0.04643896834877695,0.22683309298062465,0.07194819322922835
4015,0.24474468965638707,0.036718808855024244,0.21548741376898148,0.07520663158234585,0.008584089368159395
3197,0.2248885637441801,0.09994659326940661,0.08017937666139323,0.12403657127892752,0.13905951240686346
4935,0.20752764626864662,0.04185253643854673,0.06868145912030907,0.14374594180594563,0.13985097235226387
5943,0.24925142523938265,0.11915238899830306,-0.05372488403878643,0.08846347356299569,0.09635116786304929
1412,0.23453014795877947,0.12940818526530265,0.07568038650150485,0.16196162786943466,0.07504183751439435
1005,1.253055569415787,0.7814402418593969,0.20475248155203263,0.40089822856466356,0.4246402332497487
3309,0.2406675804635319,0.026029839609408852,0.0833817626104456,0.21916400305642544,0.03989585911743925
1009,0.21963154125440654,0.01474738750955123,0.14604364195338582,0.09446646182876116,0.05255630351883544
4001,0.23799125142230446,0.025478283953407396,0.12142026926678066,0.15671175970468895,0.0998270895439398
711,0.261098865189525,0.05966666307931272,0.09700742940984439,0.16543889480802268,0.073780210003695
7288,0.2622479598555537,0.14319550719802546,0.09182101256650052,0.1194741297976373,0.06592390504991806
1501,0.2409765005493544,0.1561938354911266,-0.00751416107936306,-0.060448257801597904,0.17613324508442849
4936,0.2110162663668944,0.13890525619087582,0.025000493261155766,0.13372511721678737,0.08483934932575692
1430,0.31832624994007497,0.06590170829790819,0.1019357809848721,0.11016068654778176,0.09581396162248848
4607,0.22006985067150384,0.08252416082824816,0.05880457710479017,0.17673076371176324,0.05867453552735903
6106,1.0462780877577644,0.25931232220177397,0.7288574816058425,0.5150763030166057,0.34815134687200694
1623,0.2612900140787334,0.07780230630979668,0.1278880440670548,0.17496219825869838,-0.010779325720968428
6971,0.22277871048978157,0.1600814060274719,0.06550530569635916,0.13054044382741958,0.012933531714001856
6237,1.1571845566373071,-0.11534553392381254,0.1737440674135535,1.384931589161886,0.04665577904770096
3937,0.22740664156171225,0.04681384682716477,-0.057256185494893426,0.1466570794634753,0.0876549736867595
6518,0.2749707956783476,0.11091492769688296,0.16273425420706916,0.12409665945608539,0.021552149363065307
4325,1.2233723360228708,0.4586357921056688,0.5128254626789638,0.2756897136215412,0.5265955204712353
5856,0.334498571091733,0.09249453825374788,0.10856408987038885,0.10591931323697702,0.06202086405005084
5286,0.28494539232117133,0.08873005879672972,0.054612529909562724,0.16682406181728168,0.08577497605441309
789,0.2154920610228461,0.07106435892192829,0.06681872562841462,0.23649518218376572,0.05611764906352134
5673,0.25352653190608837,0.1765762832861595,0.0089051575386448,0.11128106200023677,0.004166263089357437
496,0.2456317036636994,0.05926375839889212,-0.04121084851680855,0.21619434668905174,0.06568870916246057
5659,0.2649480143507201,0.1653559372500062,0.05527349985829951,0.054928217049257884,0.04321460985733104
1565,1.0734108348522522,0.6801593771636223,0.3625700430841199,-0.03421192113561293,0.6347497551630996
4487,0.23160457935503956,0.05429392804485616,0.004322985611123624,0.1288516969977435,0.15907784378508893
6425,0.21549303939208062,0.1823996796493002,0.055457575953249544,0.08075559537518341,0.08013498315737372
2699,0.22029915596086144,0.08149526289922752,0.07134036095954537,0.13873956528445913,0.15014286636748142
4216,0.22406624440250514,0.11302787912052423,0.06401206965206253,0.14127649709244966,0.08853522064019927
6847,0.2505548576521684,0.17302143982034526,0.05823598151795285,0.08988451411085638,0.062296866087667796
7301,0.2638121276693583,0.15387640489745544,0.039865815028860246,0.14340671265654314,0.07852493390300522
2344,0.1976752234839925,0.15179372177200917,0.038586699168092584,0.13248748013502792,0.07916236184203455
4331,0.19844495547930807,0.0860272118727063,0.022386657554787828,0.008105401837442598,0.11446954695308109
4518,0.22429273688031331,0.08574336249852015,0.16137913128638914,0.11799367370146753,0.09767669511438286
6454,1.2512150122932104,0.10415186883199283,0.5743741412771692,0.7859060489960787,0.47267176250282517
6492,0.2466759905254725,0.10724080471521787,0.17982552904501045,0.14007137040504808,0.00972128054183394
5964,0.24752093465569733,0.09860626818339983,0.061083443644464476,0.17443216672585796,0.078869544083198
3077,0.2331395183879607,0.079721764834605,0.047134242368801524,0.16403175525637018,0.09056812923083553
5888,0.2532830402628293,0.09033562385877297,0.035394402651771927,0.10810289068974052,0.02669237902545952
3871,0.2487124660872765,0.04053485652378229,0.06748574923679036,0.10332072378451482,0.05734968090487418
5362,1.1519486913822312,0.1877999924665564,0.4577932123677606,0.9188390336386167,0.44543926251179383
6822,0.2545521074562499,0.10797127964499546,0.08516109012509097,0.12884609175733705,0.045368367431131845
3078,0.2298217460173036,0.09703052300031911,0.023323853750757788,0.20512377267656054,0.05309620027479134
6602,0.2746028065499865,0.15373963703153642,0.10199026392162344,0.07150672449481082,0.09190262486681958
4556,1.1971423791396032,0.7535245751676186,0.2760845467557762,0.3174978565560685,0.47154152182725506
3194,0.2391983144654828,0.07478511750377564,0.12214356948883791,0.11009992574177503,0.08219210638656614
6392,0.8790861591082757,0.29125344834389777,1.0474156254372082,-0.008277146403498562,0.21951444268664114
2543,0.21938120102650516,0.12843713341727733,0.07531021642505838,0.14020186040171184,0.06841532230580766
3886,0.2458060979797655,-0.007743079097565376,-0.026130061307877515,0.15212375832714511,0.19766162822817016
1142,1.0832545746099493,0.6884728455249548,0.25970693112639315,0.36516526939233807,0.4689814964287896
5707,0.22951270363532664,0.2731348450442499,-0.023847831623959214,-0.03285747084378157,0.06908795115458993
2576,0.30221911263867174,0.08207753527265677,0.1256091775273805,0.15168565273697157,0.037933352346308874
2249,0.24189359941063057,0.07272844269381565,0.042735473907381666,0.2262259333397905,0.034995757954060354
393,0.26518490200164574,0.04460672736469397,0.12586836384377786,0.11760668790380145,0.055677301377185226
5231,1.299193016596078,0.025504068059276998,0.3678129607507611,0.8358012085795153,0.36649460820714874
2155,0.24835548361280468,0.044547536026001054,0.13077227657063317,0.16517948428200896,0.03797819426956097
3439,0.23161558600892876,0.08696709858407137,0.06712992857578456,0.15994643183848298,0.0391055202201201
1883,0.25977855590744253,0.048244528388524686,0.08082397930814293,0.21295429352446746,0.04502936249134557
4418,0.24816360094667025,0.044671972363025766,0.0695009452677421,0.14152604239534788,0.10799953005664441
6020,0.25460445021030054,0.13547193433707483,-0.0389452103444936,0.13895973912762724,0.06556068547157572
4671,0.21005404022467286,0.06708284455636981,0.045342583325261705,0.17895268100890735,0.07938836513522536
1103,0.24860337791761952,0.029432893165014566,0.05393452002999018,0.15829512801472245,0.10959500568595594
5681,0.32356297126823075,0.10835086652532491,0.11210144498613493,0.11968331736960867,0.044438570152498524
4084,0.30304241034958124,0.07034688814989395,0.13213816155289373,0.10320704950907057,0.09885110508435672
2572,0.2375544095590589,0.14937562106063695,-0.01397274328537041,0.10530228837302741,0.10346018216582913
93,0.22428735584952297,0.2091582005115566,0.06253677037706679,0.12146264488425397,-0.022601001947933096
5025,0.24144232660117473,0.05607460081719914,-0.024516200490032575,0.16195804051557447,-0.009891455640575808
2110,1.0321943403296523,0.533911480249823,0.6640597814584025,0.24623081214104023,0.3926639061978716
4055,0.21391431833591149,0.1315630638871848,0.012476368306446058,0.125230487485516,0.08490414590485627
3779,0.22606297371415393,0.09800561062143726,0.13114917293556744,0.1198229999605391,0.09876164544746867
5404,1.1139840516031077,0.1088728265119794,0.4761757103857478,1.012880618244564,0.24894554217472595
5866,0.841634673992696,0.5448497705887202,0.10220348726668745,0.35334157527882687,0.7063901085892019
2707,0.19973897108821093,0.09841725947689196,0.044933400775585865,0.17781167827175637,0.03161265905430181
996,1.0313501299763534,1.006690863368453,-0.09372993323934457,0.34767871300092895,0.510295257159462
1429,0.2966415519284148,0.08199704402041914,0.07428513005951418,0.15168587694658792,0.09545858938071523
5187,0.23205303935294594,0.06324863590869452,0.09590611177477149,0.1543683207955315,0.14154532442234644
351,0.2561134624585051,0.07875295508274228,0.16382346452286398,0.07220962164178832,0.022375895493207378
601,0.239142914307574,0.08432635772375217,0.11983129571634073,0.08296047274149161,0.06574565840499079
6723,0.23522686914996355,0.24608978429241235,0.04870998755188214,0.07941414924109524,-0.03780263814002871
2310,0.21454438812298895,0.15666019149294894,0.0989208342750137,0.1035942595163529,0.049083520772572616
2095,0.18608497234639373,0.09870088464146176,0.0373347126708925,0.14448538512037362,0.1564913616519048
4660,1.4684939424268848,0.15264257937917222,0.20747169577804286,0.7821254264466897,0.2559646484213854
6502,0.2604557097139347,0.16681576606148002,0.06885768787869002,0.052067078136154375,0.07992108718346094
5306,0.23584898968701,0.1246343141158786,0.03746520266755628,0.18388932833973667,0.0993318105016198
4220,0.2743555237259432,0.06593063133840583,0.16812985862238433,0.08590591447030925,0.08327189989847802
4679,0.23862988194018464,0.034804955570622374,0.10954119537805322,0.18213488809249628,0.08742246831469709
7203,0.3112624240663179,0.08793433886862027,0.04586902750424204,0.14380558156387105,0.07521716943431028
3308,0.24809217999254496,0.05475512722550461,0.18044614126282021,0.10952325860875234,0.03256644676187505
997,0.19981014745002748,0.06360781971394433,0.06922471902050882,0.13385807351922996,0.15447728666903437
6055,0.20709789758235195,0.1570563698848817,0.012684210620719817,0.15982939441879482,0.0726916723167491
7255,0.20361331325719678,0.2178806272129488,0.024802067750765044,0.12038173032426083,0.06667545568362414
2268,0.2711352213902824,0.06850097037921912,0.08679199087377173,0.170978217587361,0.11370880372510839
5329,0.24992784526894893,0.119153958465617,0.15663104424283508,0.1329571992810942,0.025937465247509475
3824,0.24906357834634088,0.04832098386766963,0.1534304519707128,0.12609122820234106,0.09710002798136018
4050,0.26943995209904237,0.08050380797612251,-0.0351677267297324,0.19964431386476392,0.03641522903460731
2191,0.2858747207978799,0.05792074279749021,0.11864029423476352,0.1710990665705255,0.06067134636977733
5547,0.22080888633208404,0.18180305786043033,0.0013797859784687038,0.12264938638312213,0.06323114755862644
1480,0.28238328788808253,0.0707883568843113,0.10025219097637007,0.1647007967512923,0.04230297355761473
5480,0.27346740905324196,0.13030973213228722,0.13783600053092834,0.06026306065856644,0.05354215320153401
7015,0.28853857563136637,0.10364111932615135,0.0820838131419121,0.10295055370806823,0.09157774513285773
2184,0.24615268528111994,0.07242486287339855,0.0043682759536083195,0.19913558224546823,0.07357191927018876
5413,0.29675381979808435,0.08168628949228175,0.09012912680219684,0.07832762944069561,0.07197083840047072
1002,0.21354779676140234,0.02365971975591633,0.12564011845442435,0.14693913516073137,0.10039411566346321
1867,0.260355793755852,0.03897211549844487,0.13313477329717277,0.08689736939341428,0.14852810871117147
1024,0.219923462174778,0.00389272735751917,0.08884126676639499,0.07242374182531734,0.1678204493519446
4995,0.21187441848178631,0.0891013499212575,0.057154170119494696,0.0634356267286561,0.08391403623944879
1277,0.2690604671321749,0.00843050578102071,0.1411778448612949,0.17640745344511521,0.026864123591515212
7423,0.23977432935234905,0.16501469021405737,0.09102820736340254,0.09653120818490651,0.05472687681385587
573,0.24522555813518926,0.09337837256104771,0.09579535222433869,0.13329306528625284,0.10691256183701228
6850,0.1863973167245373,0.2181557324121008,0.05398317351671884,0.10603926538167648,0.09778745466481566
6815,0.27811111632908053,0.10723564789404381,0.05243433348758952,0.16693011296577298,0.0791646039381971
1916,0.19362024989506998,0.09672223477796069,0.15238989514164658,0.021150141521109788,0.11849029800148526
733,0.22249180371173732,0.11541212417984117,0.11550449854174061,0.0713056084690249,0.10512987117812303
1193,0.2042810502598061,0.0734053315253069,0.047657099193921575,0.18195955617258033,0.11122052540384644
7000,0.216172516825505,0.17058831706468347,0.03420878220098508,0.1264970476077731,0.08840742115893062
6368,0.2270913620758649,0.20112970257249135,0.0924696509863429,0.08169144631345575,0.06288384686303848
2732,0.26282642066550643,0.13869113600734687,0.08189704653156689,0.11724414095430785,0.07864331658039084
7289,0.2326529019899053,0.19123936797999688,0.0770915618262501,0.06305514300986158,0.10683162216554215
5046,1.2170384958942742,0.4944512604167784,0.3536036763202355,0.4922611808851434,0.3889157940428408
7153,0.2763712089415122,0.18070129180612493,0.021030862005259075,0.1401148670706026,0.0001766771776135474
2802,0.2424074878511002,0.150778949048813,0.034888585757487725,0.11798605057451465,0.05091598596627171
1665,0.18683599303009768,0.1678823312060324,0.07679493250393712,0.09181787363187285,0.11659303622868669
6789,0.2436640808367798,0.1421592103516682,0.020289625013900973,0.12882411921494344,0.09186181871666012
3956,0.22632065171131466,0.06646268075779257,0.11956448627299042,0.10341870338682073,0.121366234749262
7275,0.2846918723932576,0.10991226229296472,0.07754715576649189,0.15728954788579294,0.04606184777422633
6357,0.23863428460174027,0.13999872648937958,0.06105721111936203,0.09796570130974284,0.14705505153233833
4019,1.1652617284457925,0.47405805056016515,0.8063806469433947,0.19593498997334582,0.11806878392291512
2166,0.24707430910010592,0.043471329867949424,0.03713247559702531,0.19310972459884415,0.09325393622402314
3989,0.22537872673071088,0.02267499112129916,0.12351461129227237,0.05784899572028681,0.09475658907220276
4791,0.2279136814175398,-0.002576392700452424,0.15949397683286867,0.17040670727551235,0.06706490778706908
3406,0.22501636322544874,0.07015384367029336,0.07432324569427846,0.13167068450299002,0.0973926215305805
4925,0.252052618654175,0.04042006120025674,0.16045381820008103,0.1226601484447027,0.09000356941709088
3796,0.2319263405370662,0.03190054420158047,0.017359205329372802,0.12986848760748604,0.13549525213716612
7048,0.24035523608538834,0.18652849973274208,0.037650624020203895,0.09672088952026311,0.09234700832624847
4253,0.2478137116491491,0.09022486430834023,0.07626736727687551,0.21162719680582018,-0.01908898251882459
2864,1.3958854926431536,-0.11734570791047434,0.2665199887357083,1.209977910868606,0.08963922879066723
6134,0.20382170590416485,0.21929673514925183,0.06247287063643246,-0.04906782609943433,0.0778482692811303
7323,0.25518242183563605,0.14626224632924006,0.08473912762728827,0.11772394953310583,0.07911505361300356
858,1.097206975968317,0.6468503481526919,0.49477793382767027,0.7035924209974995,0.11266465954218215
6691,0.27805290335962213,0.20379734858676193,0.09214723755816001,0.01845850507789936,0.03373076729911723
179,1.1494240095723658,0.2536135863852739,0.477267162797705,1.2506701625430028,0.024494676366871727
1670,0.2729504632089142,0.09005536183844702,0.08247438629343833,0.11928691476805961,0.1200770294557626
6548,0.24239427986643317,0.12594997614409673,0.060409021118752175,0.1265867314542773,0.13073371251663649
87,0.24584352060298864,0.14697366344163548,0.09921163414730395,0.13616048206861175,0.055070141736351066
23,0.23822483707706332,0.1826640227868716,0.008615478714435862,0.026160329606072643,0.07529362491345516
1074,0.23511337831875093,0.03081088546655321,0.13760013201462204,0.15871798735099032,0.04880056823685148
6951,0.21066796691937956,0.22034805403989846,0.03884050445369984,0.10588814810031674,0.005711291555010281
1869,0.249338377805107,0.04256485038940719,0.09702895353300543,0.2131838841715185,0.04373970877861373
3404,0.22409217118722183,0.10372856107649309,0.12248593757286802,0.13958864710123867,0.01616663438048194
4239,0.2671514241631765,0.07771082878636225,0.0557311116850877,0.1264441341383355,0.06252107570392851
4603,0.22384598902856753,0.12235746546275061,0.01870894721926258,0.1539414256861711,0.08858432254616037
534,0.9811218764339225,0.7879667595791314,0.23275917734801269,0.4126667671125746,0.4325981051596917
4129,0.2610071430737818,0.0936528051313509,0.0727950329498452,0.187483632698013,0.05967607988319585
1056,0.25709953635081995,0.0016865047335133485,0.11871226552158323,0.20751990084553923,0.0751582023052337
1321,0.2441261157078161,0.04366078699368971,0.09340303561883642,0.21817658390641304,0.06466833119885779
544,0.20537853594871006,0.12362424979462391,0.005801199611130809,0.13844629910639017,-0.008258537005348692
101,1.1506735093810938,0.0956895252854634,0.6695540381048722,0.2811395767639913,0.6303083868745903
1407,0.2596277647491608,0.2001274855878058,-0.03156983501759591,-0.024389746266461478,0.07935742420818144
2569,0.24168863105598345,0.13967384675541766,0.032279234243444976,0.10944680312960747,0.12157744020777964
3540,0.22274715808196596,0.08203448702633465,0.13785102257521778,0.09908517992373282,0.15774289972987235
3032,0.9841339084187699,0.5969959947194147,0.24410709865581856,0.5598301118895669,0.39846465738977016
1163,0.25416491783166,0.020304871267806692,0.14983704445090162,0.17352075463575795,0.039154622126081166
3071,0.23177004605184004,0.05837297359348813,0.1294590808481939,0.11516437255387302,0.09278914968951456
7253,0.2211932631451245,0.20458073698597695,0.06368920780464704,0.09881029893419714,0.06401834752131791
1807,0.19293698128086162,0.07626288308455025,0.02706591224614984,0.21973999756059925,0.10857866349544591
3208,0.24101184413795407,0.056905073235829,0.05396433990895296,0.16523150091298153,0.10523390444006799
6764,0.24662487073296507,0.044383638796514475,0.08325979257919974,0.1445927815265625,0.04963014381701631
476,0.25433515407847906,0.021411569933669765,0.12089068615317275,0.018591909799574462,0.15618845446033655
3995,1.1195688277864693,0.7421255340673059,0.6696582955764337,0.03334781727454363,0.039056194104542884
5018,1.0049669360117175,0.8610783765071366,0.030988907901864378,-0.09376849729334172,0.6727028379556393
5391,0.23184978314445928,0.12342246113998923,0.05318565991167933,0.13535489691738678,0.11509172863820463
4712,1.3105635015443566,0.9500097755392685,0.17170106939018553,0.20732708057555474,0.2802723339682954
5296,0.24266002940977932,0.09569087054316115,0.04372266884777778,0.08430729990636998,0.15749828703853186
3185,0.2337451289441734,0.09375190578173818,0.17385393012552147,0.14010320817055713,0.04528765196927799
7207,0.6863243059204064,0.3346682773885495,0.25410169071987426,0.6756776511441863,0.8102088019314316
4373,0.2165447863192675,0.044744840488310504,-0.025884775987688274,0.12717147013348543,0.12445404958440509
3128,0.2537692897724217,0.07930630441567377,0.09370056177961446,0.12761719885061182,0.13645823243900607
1820,0.2206315569083142,0.04453879185096689,0.02278418120441813,0.16479406795165677,0.10841073049286663
1718,0.21584427394729933,0.1421208705072876,0.04375921501522829,0.1530084894729101,-0.02791611511101063
5259,0.23863232786327118,0.12636319446686528,0.09803027367922598,0.14522460422518527,0.07167488170700653
3121,0.9850933217494421,0.44688070613473346,0.3064896128168978,0.688232492816324,0.4046719006159492
1410,0.1988048730614837,0.1900064393001789,0.012618068783922926,0.053052030980387924,0.09645273481921542
6159,0.20356317183392392,0.18973021305294566,0.08053116154930641,0.13543740605617072,0.07026415480149385
2796,0.24250336803609016,0.13772815570550695,0.003822998166862151,0.16238045143260976,0.045649750499539093
169,0.2146112841194041,0.16872961934588185,0.05479615758528037,-0.04241395731766379,0.1040908838163706
199,0.2511596121353008,0.11946516141298685,0.05144086067793809,0.19043109231337688,0.051048942268714405
1075,0.24035694823154888,0.04842389608153326,0.0914506182804378,0.23024533913049708,0.046936937906492046
2510,0.2592493804476823,0.12197922384011875,0.08196767256068903,0.03413030883529377,0.1217496331930679
263,0.2711221357017697,0.0769440318987505,0.13254891356988333,0.10472270651499331,0.08735722331636525
3113,0.21943024178438902,0.08863207919442374,0.04826717355976711,0.1642615701130375,0.10077796252650162
2087,1.0833175571294262,0.3854282134619034,0.10242724846371562,0.7858890090652432,0.37052903604214465
4030,1.3698110964681856,0.4375320619751248,0.4632758101141851,0.6798201480142203,0.26194454309667614
6671,0.264170944586145,0.16191162912500845,0.0036743471912812765,0.14217221450941137,0.07970293122683929
811,1.3029295309991402,0.585122526071094,0.4112650085917123,0.4716751507585459,0.4012643628680182
625,1.288336909272887,0.34940602388460146,0.2593472989019106,0.9166168921318564,0.22122628310679224
6321,0.24694822176499784,0.08941031077246481,0.016718862665332117,0.09304788758667935,0.16966031346298036
3263,0.2572031211935324,0.04466726396108428,0.11525024483690093,0.14203432559541096,0.1236796295698405
4828,0.20510288041686373,0.006531674540908316,0.04228503678831373,0.17105489727612222,0.12086602309538425
2881,0.21756473624633002,0.18786142590141225,-0.005652100216317454,0.11082210491575095,0.024183025000269098
1790,0.24736023750891553,0.03277249539921861,0.09825784643973062,0.19483927757867958,0.07734447027339232
4947,1.071187857655104,0.8627294561212808,-0.022398092245217112,0.46035121987968003,0.416614201616462
1263,1.4563200940408516,0.2206758484988711,0.15460217142529128,1.111269627309807,-0.03990863906556597
5406,0.263351560352174,0.11362494932862661,0.10123243541866216,0.12157990651355832,0.11057031751669025
764,0.22420333839150247,0.08759376446152013,0.08039932629494499,0.10486866697517905,0.13374507187263465
1511,0.27631862159515297,0.11612937074225928,0.0697215675301427,0.10542291314657559,0.0960366017714354
4864,0.22375879187053443,0.032477883963451984,0.09621170948173491,0.11370902793472454,0.09691034664600358
1964,0.25403173731960116,0.07800095602980363,0.13277177792844655,0.1332381339302689,0.08262684883249571
5804,0.25086169870336744,0.1930749721083237,0.09648367574625927,0.06974981794179153,0.06669159877599491
1393,0.22860489928177924,0.1335457495237787,0.0711652532492457,0.17491959843160884,-0.007782539990027075
106,0.2809871549903192,0.12716541647384633,0.08760049075000804,0.10840445262361123,0.06180472597997545
2338,0.2520138507732543,0.12269848828908324,0.11519822820592844,0.1252248822451095,0.06873571784744426
6347,0.25390760672296225,0.1379620063352668,0.10664261345903418,0.12331304684725397,0.07716353311306982
2157,0.2515271120790446,0.04615332529766063,0.11867347725797014,0.12828848244169644,0.09661394153330684
1649,0.2198162084474358,0.14278408255218691,0.052124475797917104,0.11370230164623661,0.0785193286625986
429,0.20011564324352898,0.08638617146833968,-0.003312024451403967,0.15085899188181817,0.09835089343047895
3125,0.21515696955999816,0.0958413151956721,-0.015158587945773625,0.12448723260761158,0.08816348109643884
6651,0.29195271737163075,0.15115046438295715,0.1089784292412388,0.052810333014058734,0.08242662964517494
2389,0.27060213245358383,0.12768715225088512,0.09189881330334304,0.11301128760892097,0.07967311134787655
1042,0.2292144233149304,0.028195031873638955,0.057564697926868115,0.2157750747066441,0.08864642860986453
1615,0.23240598605432508,0.13210654799700083,0.019832237396729072,0.12793086810376053,0.12647350559806583
3018,0.22421617948770645,0.09123874019307124,0.009173536449308854,0.14336747597369745,0.14750997284373138
2002,0.22482423596700565,0.04918688140566864,0.035283194682106576,0.11967300372726063,0.08231340378896324
7242,0.2919130934176298,0.12418342857757826,0.12470538856423335,0.08808029932880597,0.0688413205767031
3543,0.28336642667269357,0.04117362972050921,0.16359028652195273,0.10246357042154994,0.09041185512830177
3024,0.27152387856872423,0.07460709506846461,0.13452038872566421,0.11429309398508372,0.11925530121216699
2453,0.24758465095210017,0.11665716017893711,0.10179744365163924,0.12373411250659173,0.06075901232973528
5284,0.24358703425955558,0.11703114181886007,0.08626599511402397,0.10249697765437273,0.10969679685173829
6996,0.2104708255186092,0.19922033348041474,0.08410573546135165,0.11021360001721926,0.028561838805841663
437,1.0936817893199262,0.7164250583841836,0.19118533346247799,0.40904353971380075,0.48947829112811575
381,1.0267070341812865,0.5390949823681557,0.6040413334911767,0.32410665920497056,0.18859705765236404
239,0.2468969796763361,0.06918054972610539,0.06479321595511497,0.11789591830877787,0.12107072647503028
742,0.2425758896556044,0.10461620694726939,0.14004401683186432,0.14267623772676558,0.025792177416172526
5780,0.24096170271468126,0.20039698554655122,0.020725264298295624,0.09314227983512517,0.1220159942171857
6634,0.3132842240896031,0.15015340421944556,0.08323400847332986,0.0820833647226796,0.01866163899023167
7229,0.29626328992309064,0.11554306259573739,0.07417907891102284,0.13849226207772353,0.057801911700872184
7290,0.2536177648372142,0.14629677461014423,0.08929641228740437,0.09890603644034042,0.09473484073942547
2592,0.24044585753574235,0.06800883027152672,0.10160888336436392,0.17828229425628767,0.06136774143788325
1302,1.0583748895665732,0.5587796898373848,0.24189975498373117,0.7683824980179869,0.25919169742822645
217,1.1836551923522842,0.5065130651427584,0.6151004728132384,0.3980781200113358,0.08573618779079999
6311,0.24567365124463256,0.15132220894901288,0.053773985944747554,0.13588403161176218,0.0856547997000973
6966,1.0376663594587276,0.271263367377321,0.012383769734930026,1.1693278106020655,0.36675783029663866
6801,0.2428165684873142,0.1400861682397212,0.09668636123935895,0.10253554170836952,0.07944374491044175
4974,0.22480968272464102,0.10195169986762652,0.03793267971745997,0.11019723271523224,0.09655362914653269
3458,0.1993285451942994,0.11481146661787857,0.08707494340949282,0.14650932532635946,0.06662164537572157
2648,0.21397057456690055,0.044848649540639246,-0.021512912680219744,0.2061549127017438,0.07100763388901447
1244,1.240262291008103,0.47682434880559,0.4788556879289126,0.3366610524578754,0.6106012584437345
7138,0.21222088348698628,0.15595191331518124,0.0011925709488909916,-0.02646144312071091,0.1956522616472413
5091,0.23599550047989035,0.028757349591220897,0.08308961748045779,0.18330683175669119,0.1093625003138935
318,0.2579208773232602,0.08951837980750256,0.09562854026984077,0.1731297330649992,0.06832070584774559
1840,0.2749673713860265,0.07691936884096176,0.05563021735777034,0.07811664819179422,0.09652874187912777
5006,0.2530511667542309,0.06796488518673964,0.16248269101762455,0.11960932819624255,0.09311133890808129
5246,0.30158476248619287,0.06293563928439457,0.08092711573162288,0.1562974203338391,0.0623060586819345
6854,0.22407615039100534,0.2098741018162772,0.0714829582754872,0.08815697901756725,0.06408942196967263
1128,0.22208822640246798,0.04480134131160821,0.05484772579702028,0.1464750212550716,0.13440357551559254
2470,0.24697610528818362,0.13764138658401398,0.03956582256230337,0.10325570299579921,0.1351033337279424
