,Job tenure,Age,Car price,Funding amount,Down payment,Loan duration,Default (y)
4362,24,82,6680,6300,0,36,0
4727,23,77,13960,12981,0,48,0
5736,3,30,15945,17664,0,96,0
755,1,26,8900,9725,0,72,0
6734,1,48,15990,6080,1,48,0
3197,4,62,4990,5447,0,60,0
6400,31,53,5900,5900,0,48,0
3408,8,32,10000,10000,0,60,0
7253,2,40,13980,15434,0,84,0
6356,0,25,13900,12900,0,36,0
3424,1,64,16790,13790,0,48,0
44,1,47,16500,14565,0,72,0
2407,5,56,28485,11881,1,48,0
6110,3,38,12990,13284,0,84,0
6145,0,47,8850,9443,0,60,0
1255,6,26,12000,8000,0,60,0
1701,1,52,9990,9990,0,48,0
654,16,36,11999,9638,0,72,0
319,12,37,9990,12131,0,96,0
4384,9,28,22910,25744,1,60,0
5077,28,52,12800,6443,0,36,0
4245,2,67,3300,3917,0,60,0
6165,5,71,11054,11054,0,48,0
915,2,50,5700,3830,0,36,0
2669,17,70,6700,5300,0,36,0
6992,26,46,9990,6999,0,48,0
3768,23,41,10990,10990,0,72,0
2689,28,58,11060,10270,0,72,0
1562,5,51,11149,13334,0,84,0
6766,4,58,10350,11087,0,60,0
6426,2,67,16339,19779,0,60,0
2516,8,50,13485,10385,0,48,0
6013,23,50,10900,4689,1,48,0
5768,3,43,6887,6887,0,36,0
3662,11,71,2830,2830,0,24,0
6218,11,41,6390,4000,0,36,0
921,2,41,14990,13552,0,60,0
1942,0,22,9500,7300,0,48,0
7268,2,26,9283,9283,0,12,0
6105,1,46,5382,5726,0,24,0
4228,31,48,28390,14390,0,48,0
3752,27,55,17550,7350,1,60,0
1041,32,57,5254,5547,0,24,0
2883,9,40,11990,10990,0,60,0
783,11,61,14590,24245,0,96,0
7322,7,35,30500,25800,0,60,0
4309,4,46,16000,15592,0,60,0
5740,18,54,5971,6138,0,36,0
1580,3,41,5600,1501,1,24,0
3018,1,28,15200,11785,0,48,0
506,19,60,7350,7500,0,72,0
3102,11,46,4084,4342,0,24,0
4522,5,26,5550,3275,1,36,0
88,39,63,15990,13142,0,72,0
1928,5,29,9500,4827,0,36,0
4231,1,31,7290,8305,0,60,0
2664,11,58,22080,21643,0,60,0
5019,3,22,23700,25917,0,72,0
3852,5,23,22559,19184,0,60,0
3583,18,73,3659,3659,0,12,0
5532,20,53,11650,11650,0,84,0
6695,0,57,10990,8490,0,36,0
6380,2,41,13290,12025,0,60,0
1730,18,51,25700,19800,0,72,0
2283,9,51,11980,11980,0,84,0
1033,19,49,9000,9650,0,36,0
2840,1,27,17048,18459,0,60,0
5751,1,30,12500,10293,0,60,0
6223,15,50,27590,22906,0,96,0
4125,22,63,16650,15804,0,60,0
7153,3,51,23100,18568,0,60,0
414,30,54,23521,13957,0,48,0
6499,2,32,3500,3759,0,36,0
4840,0,36,7990,7595,0,60,0
6798,5,24,14490,15638,0,60,0
3131,2,37,30500,28500,0,72,0
4489,0,63,6800,3800,0,24,0
2577,35,58,7207,7598,0,24,0
809,15,34,10990,10990,0,60,0
1446,7,68,6400,4025,0,60,0
6758,1,24,8069,3440,1,36,0
180,12,59,27219,20219,0,48,0
4032,4,66,12990,12990,0,60,0
7348,16,48,11040,11967,0,60,0
7226,6,31,5674,5674,0,16,0
2418,25,55,4140,4140,0,12,0
1223,11,49,15990,11570,0,60,0
6529,18,45,7870,9454,0,84,0
68,10,51,16900,17920,0,72,0
198,13,48,10360,10094,0,48,0
5891,6,56,15990,15490,0,60,0
4436,10,60,11200,5200,0,24,0
436,5,46,17900,13862,0,48,0
1083,14,75,4899,4899,0,24,0
5684,34,50,31915,29407,0,72,0
2820,26,46,16990,15034,0,60,0
4128,19,38,5890,6400,0,60,0
84,17,53,9800,9800,0,72,0
5351,0,20,8500,8000,0,24,0
1616,8,67,8590,9071,0,72,0
108,4,51,7680,8897,0,72,0
3114,9,53,13980,15077,0,48,0
4767,5,43,19999,23233,0,72,0
3858,0,39,15490,12000,0,48,0
3016,3,34,14400,14400,0,48,0
6599,0,30,9589,9202,0,60,0
6314,8,51,15900,12897,0,48,0
5542,32,58,13500,6909,0,36,0
2447,26,58,13900,8934,0,96,0
3532,15,48,5000,4000,0,36,0
644,21,76,13150,8350,0,48,0
6960,6,25,10513,10513,0,48,0
4374,0,61,21800,21612,0,60,0
6340,0,28,6880,6880,0,36,0
7316,20,47,6900,6464,0,72,0
3405,21,49,29710,21710,0,60,0
7389,3,68,14790,6790,1,48,0
2439,7,39,12800,5877,1,60,0
6579,8,49,6155,6743,0,72,0
6050,11,72,10490,10490,0,48,0
5368,1,28,14990,16254,0,60,0
3661,2,45,7900,6519,0,60,0
7323,7,59,9035,9742,0,36,0
4998,13,75,9850,9068,0,36,0
156,5,40,20849,20849,0,60,0
5162,14,59,11290,11359,0,60,0
4538,14,52,13100,12992,0,96,0
744,4,54,7495,6758,0,72,0
1268,1,25,18500,20016,0,60,0
1432,2,47,12110,8710,0,48,0
5321,25,51,3608,3608,0,12,0
3207,5,52,5825,4825,0,24,0
4371,25,49,14623,14623,0,48,0
1831,9,41,36159,11159,1,60,0
5090,4,47,15920,15920,0,60,0
6382,24,45,7990,9447,0,72,0
3407,22,45,20970,10785,1,48,0
6301,14,55,23719,22720,0,36,0
4526,20,53,12300,10300,0,48,0
1024,4,26,20990,22381,0,72,0
3276,28,51,14900,10000,0,72,0
533,8,30,22650,12650,1,60,0
7213,3,40,9180,7866,0,72,0
1357,15,66,5901,5901,0,48,0
7274,1,26,9950,9250,0,72,0
5333,9,39,9510,3769,1,36,0
2333,1,21,4900,4900,0,48,0
3346,25,42,11490,6640,0,36,0
4684,12,69,22126,12193,0,72,0
7212,5,38,8950,6935,0,48,0
7321,9,69,11885,12000,0,60,0
4733,13,49,5924,6368,0,36,0
2132,7,29,17290,11928,0,60,0
2146,29,57,4990,4249,0,36,0
2798,0,32,9990,5990,0,48,0
4480,11,50,9700,5037,0,36,0
2226,2,34,15840,15950,0,60,0
461,18,55,9331,10336,0,84,0
3248,7,26,22700,25149,0,84,0
3641,1,55,18100,6100,1,24,0
4343,25,51,23600,14645,1,48,0
2927,4,30,22450,24689,0,72,0
1539,21,50,4750,4750,0,36,0
7223,17,62,12500,9125,0,60,0
2436,7,28,11990,14322,0,60,0
4192,3,36,5990,6872,0,48,0
2602,27,52,9990,5990,1,48,0
5480,14,30,20850,25599,0,72,0
2885,19,46,22702,16951,0,48,0
1451,26,56,8500,8891,0,36,0
3491,7,23,13844,12494,0,36,0
5613,36,60,10379,8984,0,48,0
1526,0,63,5698,6358,0,48,0
790,1,29,12950,12984,0,60,0
7199,8,35,9900,6050,0,36,0
1425,2,38,7500,6200,0,48,0
1847,16,35,5800,6255,0,48,0
3439,9,35,9300,10084,0,60,0
4213,2,64,10250,9109,1,72,0
6605,8,27,15899,14665,0,60,0
4739,1,31,16220,17831,0,72,0
6133,7,60,5360,1948,1,36,0
838,15,36,8048,8048,0,36,0
6104,2,22,14760,14760,0,48,0
5339,11,52,19249,22019,0,60,0
1222,10,39,16400,13400,0,60,0
5291,15,77,9259,3259,1,24,0
7014,3,67,12000,10000,0,72,0
1277,30,56,11050,11050,0,48,0
6076,25,49,14990,16300,0,96,0
196,3,19,7990,4255,1,24,0
7060,2,58,19680,12825,0,60,0
5433,7,65,5490,5915,0,72,0
4707,1,42,9800,8500,0,48,0
3615,35,52,12000,13078,0,60,0
1212,2,27,30061,25061,0,60,0
1718,3,37,19400,16490,0,48,0
4507,6,47,12359,14067,0,60,0
4504,16,38,5500,3500,0,60,0
2277,2,41,15000,16617,0,96,0
7301,2,52,16700,16700,0,96,0
2207,28,51,12000,12144,0,84,0
3907,2,26,10700,6147,0,36,0
1199,28,49,28000,18000,0,60,0
3098,7,54,18760,15760,0,72,0
2266,18,49,14600,7086,0,36,0
1773,6,58,2791,2791,0,12,0
4828,4,31,13000,14793,0,60,0
5839,1,32,12234,6635,1,36,0
1954,20,43,17000,17000,0,60,0
5834,4,67,16359,14359,0,48,0
2851,10,48,5895,5319,0,60,0
1659,12,41,21300,16066,0,60,0
5842,3,45,12901,9990,0,84,0
295,7,58,4643,4894,0,48,0
5224,2,45,14697,13017,0,60,0
485,17,62,5890,6567,0,72,0
3536,4,54,12173,12173,0,48,0
3143,6,56,5037,5037,0,36,0
2404,0,19,10669,12311,0,72,1
2688,5,31,16190,13390,0,60,0
1587,9,75,19990,9990,1,36,0
2934,29,57,4940,5171,0,36,0
287,12,34,17500,17500,0,60,0
6460,3,50,7900,8469,0,48,0
6600,5,67,12990,9024,0,48,0
4296,0,24,15700,17466,0,96,0
2123,4,67,6500,3131,0,24,0
5823,15,45,16900,4400,1,48,0
3063,4,37,5400,4314,0,48,0
3237,1,64,26500,20100,0,72,0
3164,23,54,7039,4792,0,60,0
6662,2,58,11490,12948,0,60,0
6004,39,60,20666,21147,0,48,0
1366,31,58,30685,24929,0,60,0
5002,10,74,11800,12241,0,48,0
5038,7,49,5239,5693,0,60,0
2540,2,45,6250,4945,0,60,0
721,1,41,15860,18346,0,60,0
2570,17,54,9900,8008,0,60,0
2552,10,49,23448,24247,0,72,0
1672,23,57,13500,13500,0,72,0
5466,4,33,4600,3600,0,48,0
4877,15,58,11950,9795,0,60,0
7411,3,33,7500,6000,0,12,0
7071,8,59,10109,10238,0,60,0
4269,2,43,14260,16582,0,72,0
2232,25,56,8375,9174,0,48,0
3167,16,47,25000,25000,0,48,0
134,19,56,19160,15538,0,48,0
5681,34,51,9460,2009,1,12,0
4630,3,45,11290,2290,1,24,0
1292,18,51,11490,12595,0,72,0
3815,7,44,12000,10700,0,96,0
2100,19,62,14490,12105,0,60,0
1480,26,56,9000,9739,0,96,0
1545,8,61,8238,8238,0,36,0
1515,0,25,12500,9000,0,48,0
41,21,40,6752,6752,0,36,0
4041,9,33,24885,22535,0,60,0
5465,3,21,10090,11948,0,60,0
430,11,73,14990,14500,0,60,0
6257,0,44,11750,13562,0,60,0
3075,2,43,14737,14876,0,24,0
1095,3,33,5878,5878,0,36,0
4290,28,58,15069,11184,0,60,0
5395,34,51,14990,4490,1,24,0
970,23,40,13970,13970,0,96,0
6708,7,41,13900,12457,0,72,0
5219,3,37,10575,9434,0,60,0
1626,1,51,15305,15500,0,12,0
2815,30,55,15350,12350,0,84,0
3656,26,55,18402,3500,1,36,0
5552,4,42,29184,29561,0,72,0
4257,3,33,8866,8866,0,48,0
1313,2,38,7513,7513,0,48,0
1647,6,29,7078,6666,0,48,0
1578,1,40,17990,19571,0,60,0
354,1,27,3690,2009,0,24,0
544,0,41,8490,9371,0,60,0
1056,26,50,12850,9750,0,48,0
1444,23,45,8990,9936,0,36,0
5461,33,54,12430,14009,0,48,0
5189,28,47,9380,9380,0,60,0
1803,3,67,12705,12828,0,60,0
3289,1,60,5500,4500,0,36,0
4581,0,23,9650,9764,0,72,0
4004,36,58,17165,6855,1,24,0
4407,4,33,9890,8227,0,60,0
1078,35,52,19025,9806,1,60,0
6362,2,33,13220,9887,0,48,0
6612,10,41,13980,16044,0,60,0
25,4,67,2986,2986,0,12,0
5316,3,31,16900,16394,0,72,0
1201,18,39,14300,5800,1,24,0
1720,14,54,24136,23136,0,60,0
2594,0,24,14400,15382,0,36,0
978,7,67,12200,12200,0,60,0
2492,2,29,6350,6500,0,60,0
1361,0,27,22390,24720,0,84,0
5784,25,46,18650,14650,0,72,0
4113,4,57,5012,5282,0,48,0
348,24,52,5990,3490,0,36,0
1025,6,71,11990,9490,0,72,0
3955,3,24,8900,8922,0,60,0
2646,4,54,15180,14180,1,48,0
4570,0,36,18990,20268,0,48,0
211,24,43,23000,9000,1,12,0
2248,4,49,5300,4800,0,48,0
4803,7,56,9850,9767,0,96,0
2897,8,51,10480,9778,0,48,0
4103,9,50,4490,4490,0,48,0
4692,19,57,19990,15781,0,48,0
4506,14,73,9750,10114,0,48,0
185,0,37,10120,11306,0,96,0
1535,22,47,11318,11318,0,48,0
701,30,50,9990,4990,0,48,0
6648,1,37,16810,18488,0,72,0
298,24,47,15030,15158,0,48,0
3794,0,42,20719,23098,0,96,0
7271,13,60,8500,8500,0,60,0
1589,11,42,6390,6413,0,60,0
231,1,41,23860,20990,0,84,0
3666,6,28,8600,5370,0,36,0
5132,17,70,10500,10932,0,48,0
1873,1,23,4995,4995,0,36,0
3477,15,56,10650,8531,0,36,0
2166,9,52,20204,3285,1,12,0
736,5,67,14488,11627,0,48,0
276,15,53,7000,6471,0,48,0
2895,6,43,18567,18567,0,96,0
1322,1,32,4200,3759,0,36,0
4028,2,65,10895,11455,0,60,0
5349,17,76,8173,8173,0,48,0
6929,20,41,13990,16557,0,84,0
4367,15,42,4529,4864,0,36,0
1096,50,70,15990,12990,0,36,0
4273,0,21,4500,1894,1,12,0
4554,17,36,13849,10849,0,60,0
3544,22,42,14665,16068,0,72,0
2477,0,37,14700,11200,0,48,0
7077,4,40,8500,8500,0,60,0
2464,0,32,10900,10874,0,96,0
79,0,44,5839,6067,0,24,0
5459,2,24,14000,15189,0,60,0
6907,11,76,18200,14800,0,60,0
611,14,72,9540,7654,0,72,0
6904,9,28,5961,5961,0,36,0
658,6,45,8500,8191,0,72,0
1817,5,51,15040,10500,0,60,0
7018,1,41,22300,24302,0,72,0
1610,13,51,13990,4690,1,36,0
1192,16,43,10740,10740,0,72,0
803,30,56,10403,10889,0,36,0
6178,11,43,13990,13990,0,96,0
2805,6,26,9700,6700,0,36,0
3929,12,47,13500,9800,0,60,0
1533,12,51,21200,10722,0,36,0
2868,10,49,9950,9950,0,84,0
1488,2,50,14319,14319,0,72,0
3473,4,51,12480,10422,0,60,0
5653,3,27,20239,19638,0,72,0
4152,4,37,18900,15628,0,60,0
5957,29,61,12844,14020,0,60,0
5885,1,46,11250,13360,0,84,0
3545,3,27,4847,5227,0,48,0
5799,0,44,30850,20980,0,48,0
6200,0,38,19480,13619,0,72,0
5418,24,60,16500,13500,0,48,0
5673,3,31,18990,20897,0,72,0
640,5,37,5789,5968,0,36,0
1793,14,36,29493,25993,0,96,0
321,26,46,15300,17384,0,60,0
4404,2,55,15487,16361,0,72,0
6746,3,54,22000,22000,0,48,0
7070,12,39,23980,23980,0,60,0
4110,0,58,8100,8567,0,60,0
6594,1,22,13000,10881,0,60,0
2651,12,34,8500,9426,0,48,0
2789,7,70,19377,16377,0,96,0
1740,5,32,9830,6830,0,36,0
3933,0,32,15600,17283,0,84,0
5242,5,54,27377,27439,1,60,0
4080,35,55,23723,12548,1,48,0
5110,1,64,9500,8500,0,60,0
6589,30,53,9900,8400,0,36,0
5171,8,55,11395,8879,0,36,0
5455,6,49,16250,10380,0,96,0
2972,15,49,11790,12564,0,48,0
6592,3,65,9990,8490,0,36,0
3685,2,65,4625,5006,0,96,0
1519,15,46,15284,5404,0,24,0
6622,3,46,18459,17458,0,60,0
1482,2,30,10990,9490,0,48,0
7302,8,45,11090,9090,0,72,0
2881,1,27,15990,13490,0,60,0
6299,2,54,11532,11532,0,48,0
203,1,62,7980,6480,0,36,0
6277,0,47,11288,12647,0,48,0
415,17,48,8000,3273,0,60,0
6062,26,54,13300,14149,0,36,0
3667,17,67,18500,18500,0,72,0
397,16,52,17849,8446,0,48,0
4376,1,40,17490,19077,0,60,0
6247,1,28,8500,9313,0,72,0
5277,14,49,16500,14821,0,60,0
4251,9,31,10150,6168,0,36,0
6066,0,55,11299,8799,0,60,0
1436,4,42,14900,16190,0,60,0
4085,33,49,19630,13532,1,24,0
5804,16,77,5350,5350,0,36,0
599,14,52,14200,13945,0,36,0
1023,0,42,12290,8790,0,48,0
3592,10,68,9990,10482,0,72,0
4668,15,47,10800,9634,0,36,0
4217,6,28,22368,19483,0,60,0
4303,9,55,4775,2575,0,12,0
1108,1,45,11233,8866,0,48,0
355,24,60,13040,16481,0,96,0
315,2,47,11490,10941,0,60,0
3210,1,47,10490,6490,0,24,0
2765,20,43,10990,5990,1,36,0
2609,8,51,24740,16740,0,48,0
6658,15,49,4490,4879,0,60,0
6058,10,44,15990,15990,0,60,0
1468,0,48,10800,12082,0,48,0
4302,5,55,5570,6350,0,48,0
621,19,46,10450,10237,0,60,0
5282,20,39,8395,5818,0,48,0
5967,13,68,6170,3859,0,24,0
59,28,48,29139,9139,1,36,0
3994,4,59,16950,15816,0,60,0
6595,4,49,8990,9829,0,60,0
4092,1,25,13210,11900,0,60,0
4502,1,26,17950,16950,0,60,0
2323,16,44,10580,9580,0,60,0
3425,22,61,5500,2791,1,36,0
7391,1,25,7738,6803,0,48,0
3450,2,30,24500,14500,0,60,0
4870,3,23,16109,16109,0,60,0
2700,2,57,27280,18900,0,48,0
7201,4,33,18390,11146,0,48,0
3043,19,58,6437,6635,0,36,0
6140,5,57,15990,15318,0,72,0
3905,2,65,16900,16847,0,72,0
3434,1,53,7748,1544,1,12,0
1340,21,38,23580,13580,0,48,0
3680,20,46,4810,2391,1,48,0
1569,1,21,25490,27214,0,48,0
4625,7,45,8995,6995,0,48,0
2787,13,47,6715,6991,0,48,0
937,4,50,15800,12000,0,60,0
1113,1,48,11835,11501,0,60,0
3001,8,50,11390,9390,0,60,0
4995,0,39,9579,12756,0,96,0
1051,2,49,8651,10211,0,84,0
2767,3,21,6300,4800,0,36,0
3297,6,45,4490,4842,0,48,0
5564,0,49,12190,12190,0,72,0
5230,7,26,14240,14240,0,84,0
2517,1,39,11950,12100,0,84,0
2354,6,31,10500,10500,0,60,0
7221,0,44,22000,23603,0,48,0
1767,26,48,8470,2470,1,12,0
3878,2,24,6300,4300,0,48,0
5440,0,26,9600,8400,0,96,0
5243,42,60,9990,11641,0,84,0
7067,5,41,9100,4415,0,48,0
4861,16,56,10418,10418,0,60,0
3218,5,65,8490,8521,0,60,0
5623,19,39,22930,22930,0,60,0
2378,1,21,5595,5924,0,84,0
6026,14,75,8300,5300,0,96,0
5281,37,57,13490,11990,0,60,0
2685,1,30,15900,15230,0,84,0
3366,2,37,13402,11146,1,48,0
192,36,56,21400,15925,0,60,0
4053,0,34,4100,4100,0,36,0
62,4,23,19890,16747,0,48,0
1426,4,59,28180,19458,0,60,0
2641,5,31,8700,4995,0,24,0
3306,23,50,21260,21900,0,72,0
4917,10,70,11985,2134,1,12,0
4017,38,63,6200,5565,0,48,0
4525,20,80,6862,6862,0,48,0
589,0,59,20500,21582,0,84,0
4450,11,50,6500,6128,0,48,0
2303,1,21,13890,16162,0,96,0
5780,0,32,4500,4500,0,24,0
5629,6,50,5100,5100,0,72,0
3107,45,65,7186,7769,0,36,0
7200,14,38,14950,16950,0,60,0
2373,26,43,7200,6208,0,60,0
7092,3,48,9841,10901,0,72,0
2781,1,44,10840,5719,0,36,0
3431,21,47,10500,3200,1,36,0
5356,13,42,20289,20289,0,60,0
6638,3,31,10990,9490,0,84,0
678,3,54,4790,2240,0,24,0
5798,1,44,16990,16990,0,48,0
4774,0,49,12990,10076,0,96,0
5746,23,46,6968,7503,0,48,0
2288,2,35,14420,13247,0,48,0
32,4,53,14900,13500,0,72,0
4726,23,49,21989,21989,0,60,0
1111,6,47,17300,13300,0,48,0
5054,3,25,14990,12510,0,60,0
1538,17,48,22300,21300,0,72,0
1575,5,70,20830,14184,0,60,0
96,5,41,12968,12968,0,48,0
4552,2,28,7529,8164,0,60,0
1129,2,66,18198,10798,0,60,0
6952,25,59,13700,11461,0,60,0
3484,10,74,7990,4990,0,24,0
1671,3,35,11940,5435,1,48,0
972,8,57,11800,5800,1,60,0
7290,8,39,12510,13200,0,60,0
1163,38,55,18939,17066,0,72,0
6321,0,39,21490,19290,0,60,0
4500,25,58,15617,17055,0,48,0
1116,2,28,7990,5490,0,36,0
5151,0,56,9190,4834,1,36,0
6473,7,51,3981,3981,0,36,0
4329,37,54,11485,13358,0,72,0
5964,4,51,8750,10469,0,84,0
3153,3,52,16400,12911,0,72,0
1777,12,72,7450,5603,0,24,0
4357,9,58,13990,14950,0,60,0
7428,6,32,12300,11300,0,72,0
4985,1,56,7900,8540,0,60,0
2726,0,50,14985,16559,0,72,0
5380,18,51,13049,13853,0,72,0
743,6,40,6999,7989,0,60,0
626,5,21,18800,20539,0,72,0
2997,5,57,13309,5294,1,12,0
58,15,56,11801,12500,1,60,0
5995,2,45,4500,4500,0,24,0
3313,7,43,7380,6677,0,48,0
2398,17,82,13995,10695,0,60,0
2094,6,44,12300,6984,0,84,0
2916,7,58,10550,11158,0,96,0
1429,18,49,20990,19757,0,48,0
7378,8,56,3490,3490,0,36,0
2687,0,24,26490,29023,0,72,1
6912,4,27,17590,15719,0,60,0
4165,7,43,8950,7604,0,72,0
0,34,55,4875,3087,0,36,0
2957,8,53,7250,5750,0,60,0
676,5,39,19300,8500,1,36,0
3649,29,58,6680,6992,0,36,0
1337,11,48,19479,18979,0,96,0
194,2,29,15000,14724,0,24,0
6922,2,67,14400,13400,0,48,0
3245,10,42,14525,14536,0,60,0
6001,12,78,11155,11284,0,60,0
1669,23,54,17990,10990,0,60,0
3168,29,56,20000,19712,0,60,0
2670,3,66,10990,3990,1,24,0
841,1,26,13064,14525,0,84,0
3089,2,35,11200,12433,0,96,0
2572,0,27,16140,12940,0,72,0
3260,2,61,9950,10100,0,60,0
3932,16,48,10800,10800,0,60,0
4209,0,26,6700,3433,0,36,0
418,0,60,6415,2000,0,12,0
6274,22,62,9790,5480,1,36,0
4240,5,34,20980,15780,0,36,0
1391,35,69,7838,7838,0,36,0
2103,6,47,15900,13300,0,48,0
3181,1,56,8190,6040,0,60,0
6216,15,48,6850,4684,0,48,0
7180,3,27,6490,1539,1,12,0
4122,1,48,11440,10181,0,72,0
6984,5,34,8250,8635,0,60,0
3570,13,37,9950,10872,0,72,0
4951,19,49,13730,12494,0,60,0
6652,4,47,7990,6105,0,60,0
3770,5,22,8234,8383,0,96,0
3693,13,38,10990,6057,0,48,0
3296,2,52,11990,11990,0,72,0
6189,10,66,30970,19970,0,48,0
318,17,56,8390,8926,0,60,0
5454,37,56,27500,27500,0,60,0
5538,3,30,9790,9790,0,72,0
2576,34,51,9500,9325,0,48,0
3021,3,29,13830,10866,0,60,0
2126,33,51,19990,22863,0,60,0
4899,3,33,9018,9018,0,24,0
3475,0,29,13116,10175,0,48,0
6048,1,22,10900,11934,0,36,0
6003,25,50,14990,3710,1,24,0
965,26,42,15250,7625,0,24,0
6942,1,36,15990,18850,0,72,0
4002,0,66,15078,9548,1,60,0
4291,2,26,20100,16100,0,48,0
4731,2,31,14115,13275,0,60,0
4087,1,26,15300,17038,0,48,0
4698,2,28,15890,15890,0,48,0
6587,12,53,9850,6000,0,60,0
1215,34,57,6700,3825,0,24,0
2510,11,75,12020,1510,1,12,0
7310,1,55,2681,2748,0,12,0
6134,2,25,8990,9748,0,60,0
6751,1,40,14500,16131,0,96,0
2377,2,25,5660,4090,0,36,0
4180,7,30,9070,9638,0,96,0
4101,9,48,9130,3990,1,36,0
3805,11,44,17980,4180,1,24,0
5598,1,28,7500,6193,0,60,0
6651,12,44,31000,25000,0,96,0
1287,14,79,4932,4932,0,36,0
6789,0,33,4500,4731,0,60,0
5636,1,31,12950,11435,0,72,0
1430,28,46,17100,14300,0,48,0
2705,22,57,15151,10000,0,36,0
7222,2,39,12990,12499,0,60,0
4730,14,44,24390,7690,1,36,0
6159,2,68,5990,4490,0,24,0
5928,6,68,2948,3088,0,24,0
5196,9,30,15990,14143,0,60,0
2498,22,48,6825,7370,0,72,0
4105,5,30,16900,12148,0,36,0
7252,5,43,9990,9990,0,60,0
6631,17,49,6150,6150,0,48,0
4771,17,40,16140,7886,1,48,0
2619,1,35,12849,12165,0,60,0
4427,16,54,6502,6502,0,48,0
3196,5,29,10220,7905,0,48,0
1094,0,27,12200,12200,0,60,0
2412,19,43,3990,4287,0,36,0
3000,4,30,16900,20346,0,96,0
93,9,34,19990,14190,0,60,0
3455,29,46,11240,8335,0,96,0
3534,33,63,5600,5600,0,36,0
752,7,40,10990,13288,0,96,0
4541,9,70,17750,10000,0,60,0
4629,5,29,12490,13871,0,48,0
5185,12,32,7500,6565,0,72,0
2036,7,47,14800,13649,0,60,0
1320,20,58,7641,7903,0,24,0
4751,0,35,14890,9990,0,48,0
6290,4,29,4490,4827,0,36,0
1801,11,51,14330,12630,0,84,0
7261,0,63,17150,3150,1,24,0
3784,6,46,12585,10285,0,60,0
2662,2,48,10990,11955,0,60,0
2312,4,68,11100,8556,0,48,0
1501,3,23,4650,4650,0,60,0
6810,12,60,2900,3135,0,36,0
139,15,42,11590,12611,0,60,0
3003,2,48,5590,6370,0,60,0
4987,0,25,11550,12537,0,60,0
2827,15,57,8900,5493,0,36,0
7173,7,55,10690,12184,0,60,0
5359,34,51,5870,6449,0,72,0
1036,2,47,7200,7200,0,96,0
2910,13,39,13900,15076,0,60,0
157,15,57,26790,15790,0,48,0
7421,8,44,17980,18719,0,48,0
3262,1,21,8990,9768,0,60,0
1009,10,58,24500,16329,0,48,0
1971,23,63,19500,15477,0,48,0
6654,2,26,11400,9237,0,60,0
5269,0,60,3990,4105,0,96,0
1467,1,65,19690,9820,1,60,0
465,1,41,20950,21800,0,60,0
7297,40,59,39136,21650,1,60,0
1886,0,28,11500,11500,0,60,0
6519,7,34,14390,6325,1,36,0
1216,1,53,4390,4000,0,48,0
61,24,58,13500,11950,0,60,0
7266,11,46,13900,11400,0,60,0
4546,40,56,13500,17013,0,60,0
1649,2,42,13870,15366,0,84,0
6602,16,41,16300,13800,0,60,0
668,1,47,12550,13099,0,24,0
6759,20,43,13620,14907,0,72,0
1075,10,51,9767,9767,0,48,0
5195,6,41,13750,13750,0,60,0
6914,2,67,15118,10394,0,36,0
2906,0,18,12800,13908,0,60,1
1992,25,54,20450,16837,0,72,0
3718,6,31,14300,13093,0,84,0
4441,0,45,11990,11990,0,72,0
708,5,70,14690,14690,0,60,0
7124,4,24,5990,6489,0,60,0
3505,27,60,9735,10877,0,48,0
3949,3,22,13333,11747,0,60,0
5983,1,47,13200,10000,0,60,0
3113,3,60,4016,4016,0,17,0
439,32,49,12990,14513,0,96,0
866,0,29,16600,6600,1,24,0
4847,17,47,5652,5652,0,72,0
2093,14,50,10995,11525,0,96,0
847,0,25,26000,29175,0,96,1
2900,0,46,7940,8610,0,60,0
4055,2,30,11387,11526,0,60,0
2001,4,36,5990,5990,0,60,0
4442,6,25,13990,13990,0,84,0
2319,4,66,22980,11680,0,60,0
1894,1,27,14933,13499,0,96,0
960,21,54,12628,14237,0,96,0
2533,2,54,18244,10241,0,60,0
4695,8,35,12000,12000,0,72,0
6081,3,64,15115,8527,1,60,0
5929,20,51,27750,12950,0,36,0
3049,20,36,24990,24990,0,60,0
4487,3,39,21475,20327,0,72,0
1880,9,50,14351,14351,1,60,0
1270,20,48,18390,15572,0,60,0
1499,18,57,20990,15923,0,60,0
5557,4,32,8800,10208,0,72,0
480,4,36,10990,10990,0,60,0
6447,23,45,10380,8548,0,60,0
764,5,29,11600,8184,0,48,0
2182,0,54,7705,7705,0,48,0
5144,1,50,4990,3211,0,36,0
5112,2,18,7600,7600,0,60,0
5001,2,47,9250,10170,0,60,0
3698,5,24,19100,17990,0,48,0
4248,2,30,5050,5164,0,48,0
5958,17,49,22200,18099,0,96,0
3733,1,48,12880,15573,0,96,0
91,2,56,22129,17629,0,96,0
3480,7,37,18970,1810,1,12,0
3319,37,54,9985,9985,0,72,0
3076,33,55,5990,6460,0,48,0
6780,2,32,4378,4490,0,12,0
7354,1,23,15500,15723,0,60,0
1666,0,39,12990,14837,0,60,0
188,6,38,12159,10659,0,60,0
4885,8,73,9500,9500,0,48,0
979,2,53,18790,10542,0,48,0
7095,36,65,14990,8364,0,48,0
944,6,56,24100,14600,0,48,0
7259,10,42,19980,15180,0,60,0
4279,7,45,16950,16950,0,96,0
5789,26,52,15834,17231,0,60,0
6977,2,68,8950,11055,0,60,0
7076,14,55,7000,5000,0,60,0
5055,1,54,12490,12490,0,60,0
3203,11,49,8100,7992,0,48,0
4791,26,52,9950,12973,0,84,0
5531,0,42,13600,9100,0,72,0
6074,6,35,20111,20290,0,72,0
7204,6,51,15990,10404,0,48,0
3382,17,43,13490,8490,0,36,0
4666,24,56,8000,6000,0,48,0
5192,14,46,15900,8226,1,48,0
871,0,56,12990,10990,0,72,0
7295,0,40,8790,4983,1,24,0
5973,17,77,6990,6990,0,60,0
1393,4,55,19950,21988,0,84,0
737,2,63,34700,24700,0,36,0
2052,1,45,6700,4700,0,24,0
1079,2,34,11715,11840,0,84,0
5239,14,37,10690,10230,0,48,0
6115,10,33,15500,10000,0,60,0
3601,8,67,10100,10501,0,48,0
6304,7,53,7990,8796,0,60,0
5470,19,51,13738,8738,0,48,0
6682,4,66,17877,15516,0,60,0
1323,2,62,16600,14100,0,72,0
2862,1,47,10795,3167,1,24,0
4955,11,33,10208,11125,0,72,0
1582,19,51,11670,7270,0,36,0
111,0,42,9990,11381,0,60,0
7164,16,52,4246,4572,0,48,0
300,2,42,11990,17726,0,48,0
633,5,24,10850,11957,0,60,0
6487,6,52,20600,14600,0,60,0
6801,16,41,19248,20047,1,60,0
4147,21,54,4750,4750,0,24,0
5786,1,24,28990,29777,0,72,1
1224,13,58,4401,4607,0,36,0
12,2,48,13400,11800,0,96,0
479,32,54,23990,22990,0,96,0
4462,6,77,17600,17600,0,60,0
3501,31,50,11722,12641,0,48,0
52,30,58,35480,16000,0,60,0
4766,30,51,15901,15990,0,72,0
5775,7,47,28190,19876,0,72,0
6982,31,48,25100,25100,0,72,0
7133,2,65,11500,11500,0,48,0
3820,2,45,3488,3488,0,38,0
238,2,49,21145,25455,0,72,0
5413,10,46,34960,28179,0,48,0
3357,11,58,2787,2787,0,12,0
5785,2,36,10389,9191,0,72,0
903,9,38,10200,9900,0,84,0
2213,2,32,5790,6442,0,48,0
234,12,37,23000,15181,0,60,0
5430,3,31,20990,22844,0,60,0
7249,0,33,10500,8341,0,60,0
3309,25,49,9250,10380,0,96,0
2375,1,31,11490,6518,0,24,0
2168,2,31,3730,4061,0,60,0
360,25,45,10206,11067,0,60,0
3328,5,51,4000,4433,0,36,0
7203,7,55,21524,21524,0,72,0
5193,1,36,8147,8147,0,60,0
5074,1,50,23500,12000,0,36,0
6993,5,52,10000,10866,0,60,0
7047,20,47,26780,26780,0,48,0
5025,2,33,23500,23500,0,48,0
6444,2,57,18900,10677,0,72,0
7139,7,40,8675,9425,0,48,0
1434,0,38,12028,12028,0,60,0
6240,8,33,13750,15154,0,84,0
3166,2,47,17975,16412,0,72,0
4852,6,70,22290,17498,0,36,0
453,2,30,32000,27000,0,60,0
3488,6,49,11235,7864,0,48,0
2144,3,53,13350,12970,0,60,0
5437,4,51,13000,5800,0,36,0
4691,16,48,10390,9226,0,60,0
3846,21,56,14069,3335,1,36,0
2536,0,46,4250,4583,0,48,0
6056,6,47,11636,12539,0,48,0
2138,10,26,12000,12000,0,48,0
5216,1,64,6100,5400,0,60,0
2223,7,39,19340,14254,0,96,0
576,6,28,9450,5794,0,24,0
5118,10,28,20490,17990,0,60,0
3774,5,44,5500,5900,0,36,0
1281,22,40,6500,6980,0,36,0
2316,5,21,23000,6473,1,24,0
6723,5,31,19990,24490,0,96,0
1658,3,33,6990,5990,0,60,0
4816,0,33,10900,10995,0,72,0
2170,10,40,20795,22634,0,60,0
2828,29,46,10000,12039,0,96,0
6270,1,27,6300,4821,0,36,0
2819,17,63,18900,15400,1,60,0
2374,25,52,12000,6000,0,48,0
7238,9,44,19800,18776,0,60,0
1258,38,59,11600,7182,0,60,0
2622,0,37,9790,10616,0,60,0
1830,1,23,7940,9430,0,84,0
5406,10,34,11825,8311,0,48,0
3254,5,33,21920,23354,0,48,0
566,23,46,14139,6650,1,60,0
2960,1,38,10890,10841,0,60,0
4410,5,70,5425,5425,0,24,0
3246,3,48,4057,4057,0,24,0
373,23,55,5205,5590,0,36,0
2578,13,53,5388,5589,0,48,0
5403,6,69,13300,5300,1,48,0
1634,20,57,4600,4812,0,36,0
5227,2,39,14710,10970,0,60,0
879,5,48,3331,3331,0,36,0
1775,26,51,17000,19275,0,60,0
6693,1,42,11990,11872,0,84,0
1963,27,59,8895,9264,0,84,0
7103,3,58,7795,7795,0,84,0
5979,15,58,15550,16469,0,60,0
5901,5,23,10450,10841,0,60,0
4582,8,37,34829,13829,1,36,0
3285,0,32,7590,4590,0,48,0
2663,0,66,12058,10674,0,60,0
4679,15,54,7790,7790,0,60,0
334,0,39,13990,13990,0,48,0
1295,24,49,25480,25480,0,60,0
4149,0,49,16450,16450,0,60,0
2280,2,52,10500,8992,0,48,0
2880,2,18,14010,16122,0,60,1
5960,2,32,16260,16260,0,60,0
2258,0,28,15545,10487,0,60,0
7068,6,52,14990,6978,0,48,0
2648,1,28,23800,12900,0,60,0
5537,0,26,19886,23192,0,72,0
816,35,56,6945,7499,0,36,0
6234,6,49,7900,7900,0,48,0
657,8,60,24400,19100,1,96,0
2627,5,36,3612,3907,0,48,0
6350,7,70,8209,8462,0,36,0
3684,6,55,12200,6737,0,60,0
48,3,61,9710,9220,0,48,0
2370,3,47,25000,13000,0,36,0
1691,24,53,5130,5130,0,36,0
3535,0,22,14150,11038,0,48,0
6533,6,49,5900,6499,0,72,0
1315,14,79,4552,4680,0,36,0
1330,2,37,16110,18266,0,60,0
4575,24,61,20149,5264,1,36,0
5302,0,29,19414,22300,0,72,0
5011,5,54,14780,10780,0,24,0
6209,6,55,10680,7680,0,60,0
7233,6,23,8990,8469,0,36,0
4510,11,30,12500,11964,0,60,0
1770,30,58,15949,15949,0,48,0
1371,4,55,10470,4682,0,36,0
6347,10,35,5281,5281,0,48,0
5111,46,63,7650,9055,0,96,0
2684,29,52,10744,10744,0,48,0
6990,2,43,5924,6423,0,60,0
6464,42,59,4538,4538,0,36,0
416,26,51,31000,16000,1,48,0
1656,0,63,19000,13000,0,48,0
1044,0,27,3500,3500,0,60,0
3379,28,45,22730,23480,0,60,0
6726,1,21,25990,25990,0,60,0
5294,2,51,8499,9206,0,60,0
73,1,37,14700,7118,1,24,0
1362,16,52,17200,15908,0,60,0
6123,5,22,14000,4000,1,36,0
366,15,49,16771,14771,0,48,0
3350,2,55,13900,15251,0,72,0
5201,3,34,20500,16590,0,60,0
5666,1,30,9200,2200,1,24,0
1688,2,48,16000,15500,0,60,0
5696,6,35,17000,18834,0,84,0
4979,2,23,11820,10633,0,60,0
3133,58,78,4250,4340,0,12,0
6853,22,53,9700,5200,0,36,0
2346,4,63,6940,6458,0,96,0
3524,1,56,5000,4700,0,48,0
3066,16,46,20859,15859,0,72,0
5329,36,61,15947,15947,0,36,0
5078,2,51,5300,5300,0,48,0
2480,0,56,13462,14344,0,60,0
6900,33,55,6990,7658,0,72,0
1489,1,26,5150,3998,0,36,0
2566,27,46,18078,19959,0,72,0
5345,22,52,15351,7490,1,60,0
679,29,47,4950,1550,1,12,0
2984,3,48,14777,16998,0,60,0
794,3,64,10700,10700,0,72,0
3437,4,26,8726,8726,0,57,0
1378,14,54,14500,11273,0,48,0
6107,0,50,10990,8329,0,36,0
829,14,41,15500,7500,0,36,0
6901,19,52,9995,9995,0,96,0
102,3,22,6600,2764,1,24,0
5865,18,47,6220,3564,0,36,0
789,9,48,7990,7990,0,60,0
2754,3,29,10984,6426,1,36,0
3194,16,33,13490,14111,0,96,0
5692,31,51,13528,10528,0,60,0
5519,0,26,10001,10001,0,48,0
6017,7,67,21250,21250,0,48,0
3007,16,33,7990,7995,0,60,0
4456,0,21,18300,19359,0,60,0
3499,5,66,15990,19138,0,84,0
5328,30,53,16300,22660,0,96,0
1092,27,52,17000,12696,0,84,0
6309,8,35,9250,9714,0,96,0
3782,27,52,9450,9450,0,60,0
4253,23,50,8650,5150,1,60,0
942,27,46,4114,4423,0,36,0
1507,2,22,7990,7990,0,60,0
4141,19,40,13000,11500,0,96,0
2406,1,32,7650,8305,0,96,0
2918,37,54,5970,5970,0,36,0
4586,24,51,13000,11000,0,60,0
3518,24,62,7625,4925,0,60,0
473,17,47,8300,8300,0,72,0
4813,1,27,10200,7753,0,48,0
1310,39,58,23990,12253,0,48,0
888,5,61,9990,5915,0,36,0
6635,13,42,20700,10700,0,48,0
5438,5,65,9990,7490,0,72,0
3149,25,57,13700,5896,1,24,0
5354,31,58,9068,9960,0,48,0
6856,6,42,12900,13990,0,60,0
4386,8,37,21990,16990,0,48,0
3834,0,49,13327,12327,0,60,0
1511,10,74,3860,2663,0,24,0
2521,7,43,10700,11853,0,96,0
6597,1,51,16290,9557,1,48,0
2351,5,36,13684,13927,0,12,0
6266,3,50,14200,9869,0,36,0
852,17,63,21380,21380,0,60,0
178,6,29,35010,29010,0,60,0
5451,13,36,12639,12639,0,60,0
1599,12,42,13600,13093,0,60,0
4129,24,51,4100,3500,0,48,0
292,0,32,14900,10900,0,48,0
1321,8,51,9540,7113,0,60,0
2860,7,30,5990,5888,0,72,0
208,21,46,8914,8914,0,30,0
5620,4,38,6990,4990,0,48,0
3336,8,54,10490,11367,0,60,0
3653,13,58,18900,8900,1,72,0
1128,2,28,7200,7200,0,36,0
209,4,25,7154,7749,0,60,0
4508,13,48,8839,8839,0,48,0
2858,5,49,15700,14950,0,72,0
7137,15,54,17500,12000,0,60,0
6851,7,70,13690,13600,0,48,0
5828,24,72,16490,16490,0,48,0
3707,23,42,15547,10329,0,60,0
2707,3,61,15700,15700,0,72,0
6423,2,48,14500,4853,1,48,0
3106,15,35,8190,5890,0,72,0
2807,5,26,10200,12113,0,84,0
2884,4,38,21180,20142,0,84,0
6486,13,42,14736,4856,1,12,0
2638,4,38,19100,14068,0,48,0
122,5,31,16110,15870,1,96,0
5394,13,58,7900,6732,0,84,0
5218,6,42,9990,10124,0,72,0
912,8,48,1501,1598,0,24,0
6761,8,50,6194,6680,0,48,0
4879,13,49,7037,3037,0,24,0
1907,32,51,13950,12833,0,48,0
2004,17,35,19900,14900,0,24,0
1469,23,53,14990,14990,0,72,0
4880,25,58,7238,4427,0,36,0
4319,25,59,5546,5546,0,36,0
2069,16,39,13870,12752,0,72,0
4013,4,53,11490,9768,0,84,0
2776,7,48,21383,23432,0,72,0
5650,6,57,15627,14007,0,60,0
2617,12,33,15450,8350,0,48,0
6306,6,34,20081,22174,0,72,0
834,4,70,11974,11974,0,48,0
1102,30,43,13500,8361,0,36,0
6498,19,45,5390,5845,0,60,0
5327,0,24,6114,6864,0,48,0
6621,0,37,6890,2890,1,24,0
4742,0,18,6000,2000,1,24,0
3734,4,49,5570,5570,0,60,0
7115,15,71,5990,6158,0,36,0
695,30,46,8485,6635,0,60,0
1424,18,36,16190,17829,0,72,0
433,3,23,4490,4275,0,36,0
1349,4,36,6560,6690,0,60,0
2236,3,67,12990,11590,0,60,0
410,6,29,19890,19890,0,60,0
637,0,44,11950,11950,0,60,0
5521,4,27,10970,10290,0,60,0
3885,10,32,17910,13410,0,48,0
2302,9,38,19880,13880,0,72,0
2481,23,51,10980,6412,0,36,0
3668,0,25,21495,21495,0,72,0
2582,5,49,10407,10582,0,12,0
5744,15,60,10500,6790,0,36,0
4084,29,46,16809,16939,0,72,0
1973,9,55,8977,9470,0,48,0
4060,16,49,30180,24301,0,72,0
2691,1,26,11990,4501,1,24,0
1180,24,43,6800,6800,0,60,0
4776,10,54,16500,15212,0,60,0
2795,7,68,13940,10513,0,48,0
6284,15,43,14320,13510,0,60,0
3764,5,49,9690,9470,0,72,0
4787,4,44,16000,16000,0,72,0
2600,1,21,16890,6890,1,24,0
4401,15,53,8938,9711,0,60,0
5284,6,66,15125,12939,0,60,0
5612,8,53,13409,15271,0,60,0
5202,3,35,6710,8228,1,72,0
2417,11,55,22880,22656,0,60,0
7417,20,51,11300,5000,0,36,0
6146,32,54,9200,8694,0,60,0
5095,12,79,8441,8441,0,48,0
6826,0,43,10420,10334,0,60,0
6727,2,34,17589,18379,0,72,0
3349,3,41,8968,9865,0,60,0
7403,10,41,29000,25500,0,60,0
131,10,52,715,715,0,8,0
5574,3,44,4716,4716,0,96,0
6841,10,67,4475,4478,0,48,0
6999,30,58,24554,8737,1,60,0
6957,2,43,19340,19340,0,72,0
982,4,36,17140,15940,0,48,0
2045,0,26,9325,9450,0,60,0
6753,6,28,11318,12367,0,72,0
4280,12,58,5098,5378,0,48,0
330,10,39,14000,12000,0,36,0
4793,4,41,9710,6800,0,48,0
1566,2,57,13744,14698,0,60,0
1892,0,22,7600,2600,1,24,0
2231,7,37,7079,7276,0,84,0
4537,2,41,22329,26658,0,96,0
2437,26,52,4835,4835,0,36,0
4461,33,58,22000,22000,0,48,0
2244,23,43,17990,12434,0,60,0
5879,13,42,8983,8983,0,36,0
1795,4,67,14950,7450,0,48,0
6424,17,53,13980,11980,0,60,0
5167,20,52,8676,8919,0,12,0
6868,2,64,25800,21391,0,36,0
7237,6,47,12450,10924,0,48,0
432,3,68,7990,2190,1,24,0
1119,14,79,7490,2630,1,24,0
1807,0,48,7900,8331,0,36,0
6837,2,65,5254,5590,0,36,0
7029,1,29,3798,1911,1,24,0
2829,12,58,19199,20327,0,96,0
5634,5,40,8990,8000,0,60,0
6762,0,46,15439,3939,1,12,0
1553,16,36,10000,9065,0,84,0
413,3,21,8990,8478,0,96,0
6733,6,32,11970,11005,0,60,0
428,7,29,6990,6636,0,84,0
1228,2,65,11600,10455,0,72,0
1109,4,47,14950,12950,0,48,0
4288,4,47,14600,5412,1,36,0
272,6,28,14690,14690,0,60,0
1813,6,43,12300,12276,0,60,0
75,4,23,9000,8591,0,36,0
5166,32,57,5389,3783,0,48,0
1038,3,41,7890,8958,0,60,0
5701,5,61,14490,14490,0,60,0
296,10,40,8475,9652,0,60,0
2018,1,26,11800,4298,1,24,0
2438,2,19,26980,29191,0,60,1
3347,21,47,4990,3419,0,24,0
6854,4,41,8990,4115,1,96,0
1988,3,35,11250,11452,0,96,0
2879,1,28,20039,21680,0,60,0
2389,18,46,29490,25813,0,36,0
1448,18,85,18089,15589,0,60,0
5807,8,47,11490,5301,1,48,0
6089,8,32,33500,27500,0,60,0
5888,5,36,24783,27112,0,72,0
3968,0,52,8000,5364,0,36,0
5660,7,27,8160,9340,0,60,0
4381,0,30,20950,22352,0,48,0
6478,3,65,12700,11200,0,60,0
3023,47,64,25099,19099,0,60,0
5482,20,58,13990,15871,0,72,0
5008,10,33,19990,8717,0,36,0
4043,2,57,9950,9950,0,96,0
516,0,33,6335,6822,0,48,0
2181,4,40,17400,10200,0,36,0
1242,10,70,11990,6990,0,72,0
5638,1,66,16500,18576,0,60,0
6513,1,35,8802,7900,0,72,0
2531,3,37,20922,24245,0,72,0
607,8,33,23220,18495,0,60,0
3538,18,40,9300,6272,0,60,0
1427,2,27,14250,12050,0,60,0
2415,5,30,12750,7005,1,60,0
2942,32,53,6500,7276,0,48,0
251,3,36,18470,20098,0,60,0
2775,0,63,18339,15639,0,60,0
535,20,40,26000,11000,1,36,0
1563,25,48,17900,15041,0,60,0
4235,4,45,8480,3795,1,36,0
4295,1,26,11390,12331,0,72,0
3984,33,50,29800,27300,0,96,0
1675,10,41,9850,9850,0,48,0
6985,1,65,9985,8485,0,72,0
4516,19,57,5566,5566,0,36,0
5027,2,45,5450,5450,0,60,0
693,1,35,10900,9900,0,96,0
6699,2,26,17650,15150,0,60,0
3481,3,26,24800,24800,0,48,0
1924,8,41,16500,10500,0,48,0
2470,2,43,17900,12000,0,48,0
2770,1,51,7990,4990,0,36,0
1251,3,27,19390,17360,0,36,0
5082,0,42,14500,12384,0,48,0
7289,4,64,35200,25200,0,24,0
2453,7,27,11130,8630,0,60,0
3573,3,56,8000,8374,0,36,0
3220,11,79,4990,4990,0,60,0
353,0,50,5850,6356,0,60,0
7134,37,59,10490,5902,1,24,0
333,0,34,14160,14160,0,48,0
5631,9,40,22900,24093,0,84,0
4063,9,40,16085,11085,0,48,0
1731,5,70,14200,5000,1,24,0
3872,25,45,16950,8950,0,60,0
2341,8,62,11900,10079,0,48,0
4168,12,29,28900,27937,0,36,0
4634,2,60,17067,15154,1,60,0
5930,18,47,13500,12826,0,48,0
4755,15,49,9990,17290,0,60,0
5026,23,53,18881,17988,0,60,0
6142,1,27,10950,6465,0,60,0
3574,11,47,25870,26790,0,48,0
7034,33,49,9818,10429,0,36,0
6315,1,32,9990,9140,0,60,0
6620,31,55,12669,13881,0,72,0
7087,0,61,6500,6500,0,36,0
5065,26,65,9190,9190,0,12,0
843,26,47,14970,10860,0,48,0
3058,0,23,12600,13705,0,60,0
4935,3,66,17900,19003,0,72,0
2780,2,22,26000,19122,0,72,0
3017,11,54,13189,10041,0,72,0
4960,40,63,12150,9650,0,60,0
1029,18,57,4200,4200,0,36,0
4119,0,37,25400,28502,0,96,1
7140,8,68,14400,14400,0,60,0
4475,18,55,13000,8000,0,12,0
7409,2,22,7240,7240,0,60,0
787,1,27,5980,4980,0,36,0
2344,0,65,8999,6252,0,36,0
5525,1,58,18390,19471,0,96,0
3244,19,51,15000,6500,0,48,0
6012,3,26,7650,9225,0,96,0
2272,15,56,4471,4471,0,48,0
756,2,67,13680,11680,0,60,0
6637,6,31,13070,11070,0,72,0
2185,9,29,33670,25670,1,84,0
7424,22,45,7900,9096,0,60,0
6393,6,30,13992,15090,0,48,0
6590,16,35,16990,8500,0,72,0
1729,1,55,8010,5113,0,36,0
4694,1,44,29900,28250,0,60,0
4701,17,68,5771,6074,0,60,0
1049,6,72,11700,7300,0,36,0
3660,0,48,13000,14116,0,24,0
1621,21,64,4335,4335,0,36,0
5153,1,54,9490,9490,0,60,0
5471,0,39,17480,13480,0,48,0
4047,9,37,4000,3759,0,36,0
5220,4,21,12800,13986,0,72,0
135,38,55,15800,6315,0,48,0
279,5,32,11490,11490,0,48,0
3096,1,51,15990,15990,0,60,0
700,0,53,13590,13490,0,48,0
4614,1,42,18400,17698,0,60,0
2500,0,47,26800,19300,0,96,0
1550,15,33,12900,4600,1,36,0
5918,5,58,17500,11200,0,36,0
6754,5,32,10390,4658,1,24,0
2145,30,47,5308,5308,0,36,0
4590,27,56,20000,18000,0,48,0
807,1,24,11289,11812,0,60,0
6119,19,42,12780,14341,0,96,0
2118,7,37,7200,6591,0,72,0
6846,0,23,8800,6264,0,48,0
107,0,45,16300,16300,0,72,0
1502,21,48,9898,9898,0,24,0
2905,2,31,26877,22873,0,60,0
2228,1,60,8880,6880,0,96,0
636,0,19,19248,19248,0,72,0
1375,0,61,5653,6128,0,36,0
3915,1,56,7975,8586,0,72,0
2155,13,60,8990,10542,0,72,0
2833,17,33,24190,17370,0,96,0
4984,9,48,9425,9575,0,60,0
1450,2,56,15560,15250,0,36,0
1741,36,54,13140,8435,0,84,0
6088,29,45,5173,5173,0,36,0
487,3,43,18850,8478,1,60,0
6364,3,20,10490,9076,0,48,0
5944,24,54,10850,6000,0,12,0
1825,21,60,6234,5000,0,12,0
1926,8,24,8453,9166,0,60,0
7114,32,48,21300,16300,0,60,0
2314,0,21,8500,8924,0,84,0
1305,16,33,21980,5480,1,12,0
332,48,64,13620,9000,0,12,0
1739,2,24,20990,17490,0,72,0
3877,18,53,12328,6723,0,24,0
5566,22,45,12870,8353,0,24,0
1456,3,39,8980,4980,0,36,0
6649,7,30,13300,13544,0,60,0
4619,0,62,14000,9979,0,36,0
1226,2,33,6800,5260,0,48,0
7121,8,55,4200,4526,0,36,0
1411,8,69,3900,4743,0,60,0
1776,13,37,10470,6990,0,48,0
1417,7,44,22440,24281,0,60,0
2706,1,27,15185,12185,0,60,0
570,23,47,9880,9677,0,72,0
3413,20,80,13940,8440,0,60,0
1151,15,60,13980,7522,0,24,0
4266,17,59,10950,10950,0,48,0
5551,20,40,8800,8800,0,48,0
99,3,37,9990,8052,0,36,0
1099,21,54,27450,21750,0,72,0
263,32,59,13700,12700,0,84,0
6333,20,63,7000,7000,0,12,0
2298,19,54,7719,8230,0,36,0
1027,20,56,29480,27480,0,60,0
3213,3,35,7490,8078,0,48,0
3370,3,68,16990,4058,1,36,0
422,20,46,11000,11000,0,72,0
6864,3,57,14990,15749,0,72,0
3109,19,83,4455,4455,0,48,0
2329,0,23,13400,14430,0,48,0
4781,0,27,9700,4997,1,24,0
2092,4,28,5500,5404,0,48,0
1345,14,77,4939,5077,0,36,0
6475,7,65,16000,16000,0,48,0
5206,3,68,16289,14789,0,48,0
5825,2,22,12150,12512,0,96,0
1956,11,56,12690,9815,0,60,0
1414,27,74,10985,8101,0,72,0
6924,1,49,28365,27800,0,96,0
3765,9,64,9900,9900,0,48,0
1966,0,23,17495,17495,0,60,0
1172,7,51,10689,4153,1,24,0
4534,13,32,14490,12490,0,60,0
2473,3,55,12390,4390,1,36,0
5322,0,38,4550,4892,0,36,0
3467,6,50,8200,8816,0,36,0
6501,5,62,10400,9827,0,48,0
5075,20,50,3990,4405,0,36,0
4991,4,49,12840,12637,0,48,0
4750,10,41,13000,11952,0,60,0
4022,2,50,11073,11073,0,36,0
3142,2,68,6590,2722,1,24,0
3199,29,63,27500,10500,1,48,0
674,26,48,11900,9900,0,60,0
1905,4,34,16750,15050,0,72,0
4379,1,44,12487,11429,0,72,0
3551,1,44,11770,11735,0,60,0
1595,1,64,13950,7309,1,36,0
2235,16,60,6990,7565,0,96,0
1359,4,33,16989,14589,0,60,0
2422,0,29,11600,2045,1,36,0
1473,1,46,17611,17611,0,24,0
2029,7,28,6975,7843,0,48,0
1183,0,54,8000,8765,0,72,0
5665,1,40,10078,11194,0,72,0
7110,2,26,12990,6990,0,24,0
149,8,32,14640,8122,1,24,0
3504,2,40,9625,10436,0,60,0
1922,4,55,18620,21884,0,96,0
2414,27,60,19646,21324,0,60,0
468,15,49,26290,14590,0,24,0
6403,0,33,5200,4839,0,60,0
5752,20,37,6495,6436,0,72,0
5487,0,26,12000,12000,0,60,0
5802,6,29,34990,27306,0,72,0
4690,24,55,7500,3500,1,36,0
7420,0,36,13900,13900,0,72,0
1259,8,32,11598,9344,0,60,0
4332,2,54,6500,2400,1,24,0
896,0,51,15500,15500,0,72,0
2893,21,60,8250,3250,1,48,0
6268,15,62,4000,4000,0,36,0
6201,2,38,25200,12700,0,48,0
5448,27,55,8102,8539,0,48,0
1858,22,46,23390,11869,1,36,0
4740,17,38,14000,15895,0,60,0
6664,23,63,21950,17352,0,48,0
4241,5,34,9266,9266,0,48,0
911,19,81,6995,6995,0,24,0
5993,16,48,13870,9725,0,60,0
4603,0,56,11895,13296,1,36,0
4391,4,34,8650,8650,0,60,0
6721,12,57,5364,5864,0,48,0
5180,5,49,4900,4648,0,60,0
4075,33,49,13990,16761,0,96,0
4914,10,69,8900,4378,1,48,0
4761,1,63,16450,18180,0,48,0
3509,15,78,11990,1990,1,24,0
7404,8,69,4989,4989,0,48,0
7023,10,39,5900,5900,0,60,0
3184,2,39,18219,18219,0,72,0
4747,3,30,12790,9630,0,72,0
2952,2,67,8980,8980,0,60,0
5187,7,28,6701,4701,0,24,0
5469,12,77,17100,14200,0,60,0
6445,26,60,18990,16759,0,84,0
7113,7,43,11990,13186,0,72,0
2925,12,48,8490,5990,0,48,0
221,8,54,8999,10364,0,60,0
6551,33,60,4400,4627,0,48,0
2640,3,39,12570,12396,0,72,0
3402,8,51,11130,12433,0,48,0
7022,13,51,5480,5047,0,48,0
3614,0,32,6600,6600,0,60,0
4472,1,67,11215,7865,0,60,0
777,9,55,26456,21569,0,60,0
1479,2,40,9995,4199,1,12,0
3438,13,52,8833,5190,0,36,0
3886,1,52,16800,17941,0,48,0
4881,2,34,21950,21950,0,84,0
6675,5,54,7590,4620,1,48,0
4915,10,63,11900,11900,0,60,0
7148,11,76,6850,4992,0,36,0
288,7,55,11390,11390,0,60,0
2732,22,57,2700,2700,0,12,0
3469,38,54,18590,16590,0,96,0
2796,0,55,10400,9400,0,72,0
4267,3,53,13489,11098,0,60,0
2008,5,57,15550,17733,0,96,0
5140,1,58,15740,13280,0,48,0
5119,0,43,9260,10197,0,60,0
1452,22,63,9500,8418,0,72,0
2091,26,47,7690,8660,0,48,0
547,4,67,23900,12900,0,60,0
5704,1,34,17500,17500,0,72,0
5609,5,50,7685,8342,0,60,0
4883,8,73,14914,14914,0,60,0
564,3,25,9000,7000,0,36,0
5767,25,51,16750,10750,0,60,0
2114,0,31,17000,15641,0,96,0
6147,0,25,10990,10100,0,48,0
121,1,59,11650,5906,0,36,0
6322,3,44,9250,7722,0,48,0
5758,1,57,7900,8057,0,72,0
5683,16,46,13100,14209,0,60,0
5738,1,42,18485,18585,0,96,0
2462,1,32,6000,6000,0,48,0
2348,1,18,17964,17797,0,60,1
2513,2,29,12590,1751,1,12,0
2548,0,25,12105,13167,0,60,0
2970,4,27,14990,14600,0,96,0
1498,9,37,11007,11007,0,48,0
3010,4,51,15450,11575,0,48,0
6987,0,19,9000,10155,0,48,0
7116,9,36,9470,6420,0,48,0
5080,28,54,10205,10205,0,24,0
1561,11,76,4405,2997,0,36,0
3341,1,37,24900,26597,0,60,0
1883,22,50,10450,6570,0,24,0
2487,0,22,9600,8600,0,48,0
3024,36,58,22487,14084,0,48,0
5391,2,46,5200,5584,0,36,0
2903,8,55,13750,10230,0,48,0
45,1,22,8500,8500,0,48,0
4919,9,55,10990,5166,1,24,0
6388,11,61,6630,5168,0,60,0
5498,1,23,7970,7970,0,72,0
6273,0,21,8690,7330,0,72,0
5594,3,40,12990,12025,0,72,0
426,5,24,9490,9768,0,60,0
7020,10,49,7450,2873,0,24,0
1871,0,26,11700,6108,0,36,0
1912,12,76,16490,6990,0,24,0
429,0,38,11199,11510,0,12,0
7311,21,47,6412,6894,0,48,0
877,8,26,18200,15200,0,60,0
4294,16,76,6885,6949,0,12,0
1496,6,31,14590,14590,0,72,0
2222,0,46,15950,12760,0,48,0
7347,1,35,21400,7680,1,48,0
5723,11,46,6900,6000,0,60,0
5579,4,54,15600,14600,0,96,0
2650,2,68,20950,16950,0,72,0
1859,8,34,4000,4000,0,84,0
7079,7,29,5990,7196,0,96,0
2306,4,62,34460,26960,0,72,0
7273,24,45,7250,5566,0,60,0
1175,1,50,6350,6350,0,48,0
719,11,53,12490,9490,0,60,0
6219,8,54,6990,7277,0,48,0
5199,28,47,16300,17304,0,72,0
4800,12,61,10030,4676,1,36,0
2836,4,62,21500,21500,0,48,0
110,3,30,6012,6456,0,36,0
1106,1,51,18747,19537,0,72,0
6329,35,54,11000,11718,0,36,0
6601,0,31,11729,10573,0,60,0
5835,6,59,7500,7991,0,60,0
2384,9,26,21000,18257,0,48,0
5816,26,45,16695,10595,1,60,0
3187,0,28,9300,6818,0,60,0
3624,1,22,6008,6684,0,96,0
4046,19,50,21200,6500,1,48,0
5086,27,51,20467,8000,0,60,0
4246,5,44,2229,2251,0,12,0
4258,4,51,8237,4357,0,60,0
2119,26,59,11990,11990,0,60,0
1064,13,57,6900,3400,1,36,0
245,14,60,11385,11485,0,96,0
4664,18,56,7449,7449,0,36,0
7228,26,47,8900,9547,0,48,0
3148,25,53,3700,3758,0,48,0
977,6,24,12025,18473,0,96,0
5593,15,61,9890,11742,0,96,0
491,10,31,21593,11571,1,48,0
7111,0,35,8850,9833,0,72,0
6252,12,48,4440,4440,0,24,0
5101,0,22,7900,7408,0,48,0
4416,8,50,11990,4398,1,36,0
5266,0,21,6350,7254,0,60,0
3758,11,76,5552,3000,0,24,0
6911,3,60,6849,5731,0,48,0
174,3,84,10800,5000,0,48,0
3414,35,52,9500,10465,0,72,0
5252,1,36,13250,12423,0,60,0
195,0,44,11389,13738,0,84,0
3844,4,27,10000,3615,1,24,0
6185,0,49,10750,9362,0,48,0
199,5,50,10338,11242,0,60,0
1506,14,52,3990,2146,1,48,0
812,33,50,9295,4912,0,36,0
6100,3,49,5704,5704,0,24,0
501,14,59,6000,7036,0,72,0
5160,6,25,19280,18608,0,48,0
3014,1,58,9080,9775,0,72,0
3091,0,50,3990,4454,0,48,0
1297,0,31,12400,12400,0,48,0
2941,5,55,8550,5422,0,60,0
1174,1,35,9500,8800,0,72,0
3077,9,61,7700,8098,0,36,0
70,13,73,14950,10950,0,84,0
2542,43,60,11990,6990,0,24,0
6943,1,41,6350,1912,1,24,0
1195,6,73,12500,12500,0,84,0
6623,1,26,8890,8260,0,24,0
1158,9,40,13990,12002,0,72,0
2642,27,51,17900,9211,0,84,0
4148,0,44,11140,11140,0,60,0
7158,36,55,4683,4683,0,48,0
6963,2,39,7625,8189,0,36,0
4190,14,74,7980,7278,0,48,0
5626,8,36,12120,5901,1,96,0
4920,0,40,15990,15990,0,36,0
1850,0,19,8700,8200,0,48,0
4938,12,72,7780,2580,1,24,0
4996,14,46,12790,9113,0,60,0
5087,15,60,11999,10150,0,96,0
2937,23,42,7490,6773,0,48,0
4645,2,51,14365,11773,0,60,0
1173,13,33,12030,10280,0,60,0
2224,4,41,7950,5262,0,24,0
2753,4,41,7300,7831,0,36,0
4949,1,32,10040,10040,0,96,0
3064,5,22,20000,18334,0,48,0
868,4,29,5480,3906,0,36,0
2249,5,50,9900,9673,0,96,0
6187,0,39,5990,6681,0,72,0
2239,3,47,6500,2500,1,24,0
6357,2,44,4990,4052,0,60,0
622,6,49,7200,3600,1,24,0
4624,14,78,15490,15490,0,72,0
5241,10,51,18500,18689,0,96,0
2932,12,55,11890,9890,0,60,0
4942,3,27,19015,21407,1,48,0
6077,4,58,11504,12041,0,36,0
274,9,49,19400,16900,0,48,0
6778,7,66,11950,10900,0,60,0
4250,1,20,13000,13533,0,72,0
1714,15,41,9800,9694,0,72,0
2778,26,47,16490,16490,0,84,0
3358,27,57,17790,19174,0,72,0
6477,3,44,9970,10120,0,60,0
2227,7,54,5031,5031,0,60,0
1350,10,73,8150,3384,1,12,0
4574,15,53,11895,9695,0,60,0
5846,5,48,21500,7000,1,12,0
3396,1,26,8600,9305,0,60,0
5330,5,56,15695,16911,0,36,0
4886,10,31,9990,10822,0,60,0
5272,5,69,1501,1501,0,12,0
2788,34,52,15550,14118,0,48,0
326,8,50,6930,5430,0,36,0
4532,4,64,12990,12198,0,36,0
2677,25,45,8500,8500,0,60,0
2342,15,46,6095,6605,0,24,0
5617,9,57,3260,3587,0,24,0
5597,4,48,14990,14890,0,60,0
6808,21,54,10989,9489,0,96,0
1520,0,51,10750,10866,0,60,0
2016,3,31,14041,7137,1,48,0
5259,6,53,6298,6782,0,48,0
408,9,43,10520,5340,0,24,0
6899,8,73,4190,4190,0,36,0
5337,3,23,6480,7055,0,36,0
573,17,74,24990,16990,0,48,0
4550,31,66,13550,10550,0,84,0
801,9,49,6479,6883,0,24,0
4482,11,48,14380,14380,0,72,0
5006,28,60,13209,13209,0,72,0
425,30,55,8900,9573,0,36,0
2245,8,28,24900,12100,0,48,0
3578,2,48,13990,6646,1,72,0
7185,0,18,5690,3090,0,48,0
4340,13,58,3290,2481,0,12,0
907,1,52,11500,11500,0,60,0
2431,4,23,17090,18688,0,60,0
1557,0,22,3870,3455,0,24,0
2313,3,35,6900,6900,0,60,0
4842,7,52,11500,7595,0,60,0
4015,33,57,5682,6365,0,60,0
4789,16,40,3000,3000,0,12,0
5107,8,55,11821,6321,0,48,0
1512,0,25,16750,18434,0,72,0
2005,3,63,9990,11160,0,96,0
4166,4,47,10400,5000,1,36,0
5409,1,23,13000,13000,0,48,0
7229,10,51,26999,19897,0,60,0
5735,18,37,21000,7549,1,48,0
6978,36,56,4749,4749,0,36,0
5563,1,40,11950,8565,0,48,0
6710,2,35,7990,9111,0,48,0
3755,34,52,25750,28889,0,60,0
2673,30,54,17940,19521,0,72,0
2015,7,26,16889,18184,0,60,0
3441,5,57,8800,8737,0,60,0
6008,16,42,19910,20336,0,84,0
5858,2,56,11900,3900,1,48,0
3855,2,53,13600,7699,0,60,0
2589,14,39,22000,22000,0,72,0
5607,10,36,8476,9005,0,24,0
2845,17,48,11800,2800,1,24,0
805,0,33,16400,10400,0,24,0
2127,1,27,20390,23768,0,96,0
3470,2,40,13980,4286,1,48,0
3838,28,46,8870,9325,0,60,0
518,0,63,19300,13300,0,36,0
4467,5,36,8154,8622,0,36,0
4794,0,29,16730,11730,0,36,0
6815,2,51,6500,2500,1,12,0
4519,0,37,15150,8940,1,60,0
350,19,41,19921,21775,0,72,0
3231,2,27,5990,5530,0,24,0
5781,6,53,6000,6000,0,36,0
4667,1,43,15110,16384,0,60,0
5943,1,30,13070,13423,0,60,0
2098,2,26,20500,20500,0,60,0
4511,13,53,16000,5500,1,36,0
471,0,66,10400,11266,0,84,0
6342,3,21,13450,7650,0,36,0
3312,8,57,12400,12212,0,60,0
5769,7,24,25600,23300,0,72,0
5061,13,39,4600,3022,0,24,0
6391,17,51,11576,11576,0,36,0
4393,10,29,8500,6059,0,72,0
2311,13,34,7690,8218,0,48,0
4050,0,50,12490,12490,0,60,0
6625,1,32,11750,12786,0,60,0
1087,2,26,10360,10490,0,60,0
5096,4,45,8990,9958,0,72,0
5719,1,53,14999,12114,0,96,0
6874,10,36,5540,6001,0,60,0
1783,5,58,20660,22237,0,60,0
5422,6,60,10900,9552,0,72,0
553,4,43,4875,5685,0,60,0
5366,7,47,7860,6329,0,48,0
739,1,62,3776,3974,0,24,0
3482,19,46,23950,11600,1,48,0
3960,11,51,7400,7400,0,48,0
1298,9,50,13090,6219,0,36,0
949,23,44,12490,16216,0,84,0
1022,4,56,13500,7327,1,36,0
1423,25,51,6860,6860,0,60,0
7142,2,26,16850,18312,0,60,0
3625,16,47,19300,16300,0,60,0
5493,14,37,3660,3660,0,12,0
7024,4,69,14320,11941,0,24,0
3781,1,37,15450,16027,0,48,0
7080,20,45,9338,9338,0,36,0
3563,25,51,19910,17914,0,96,0
904,12,39,12500,9500,0,60,0
4010,9,33,16980,15286,0,72,0
1543,2,36,8500,9197,0,60,0
712,12,73,12688,12688,0,60,0
3050,16,37,7430,5430,0,60,0
6067,0,31,5990,4742,0,36,0
5817,8,39,29899,23899,0,60,0
652,27,61,1500,1581,0,24,0
6025,27,53,11975,10975,0,60,0
2225,18,51,16365,15461,1,72,0
5818,23,54,13500,9000,0,60,0
5410,2,37,11000,11000,0,96,0
1548,5,51,14800,14300,0,60,0
5306,0,50,7551,8125,0,48,0
396,0,31,15869,15869,0,96,0
497,0,26,16324,16423,0,84,0
831,16,55,9300,7058,0,36,0
4315,3,23,22422,22672,0,60,0
6784,32,59,13900,10283,0,60,0
4210,3,23,14990,16451,0,72,0
4647,18,41,7490,4742,0,36,0
1383,10,59,6795,7154,0,48,0
3869,12,56,5000,2090,1,24,0
6339,16,46,14790,11790,0,72,0
7392,39,62,15995,10995,0,60,0
763,15,49,15000,10000,0,48,0
2031,6,64,3477,3592,0,24,0
256,7,32,15680,17430,0,48,0
4890,44,61,3490,2617,0,36,0
4963,43,64,5666,6199,0,60,0
3550,0,63,11300,11300,0,24,0
724,2,65,4000,3569,0,12,0
2142,1,22,14000,11756,0,48,0
2835,3,42,1501,1501,0,12,0
7129,22,65,9596,10497,0,60,0
5661,10,30,12985,11917,0,60,0
1420,1,52,3750,2750,0,36,0
4640,1,54,15990,18408,0,60,0
3317,23,55,6553,7070,0,36,0
3101,37,59,6630,6030,0,60,0
90,19,71,14850,10000,0,60,0
5004,6,35,23819,21441,0,60,0
3150,10,37,19490,21202,0,60,0
5360,4,31,12537,13594,0,60,0
5969,19,49,11062,11062,0,60,0
7422,10,64,11990,11978,0,48,0
4195,0,36,14990,14580,0,72,0
2543,2,45,9090,6665,0,24,0
6405,37,54,7950,8932,0,48,0
586,1,28,10990,10990,0,72,0
2099,12,48,14500,13300,0,96,0
1746,5,42,20990,21895,0,72,0
5860,4,45,16325,17570,0,96,0
6608,9,42,14990,15975,0,96,0
758,6,34,12740,10990,0,60,0
4224,2,68,10408,10408,0,59,0
1737,13,53,12960,12099,0,72,0
5484,7,57,20550,22207,0,72,0
4796,18,65,17290,17290,0,60,0
7227,32,62,3629,3629,0,12,0
837,2,55,11950,6950,0,36,0
3802,12,33,10000,8147,0,60,0
6305,0,40,12390,7390,0,36,0
647,14,55,20400,17048,1,60,0
2291,30,56,12700,2792,1,24,0
5382,2,49,8298,5701,0,36,0
181,4,52,3927,4349,0,36,0
6192,18,35,7500,7000,0,60,0
2499,3,46,13499,12137,0,48,0
3071,16,79,12950,7972,0,60,0
1328,0,18,10990,11955,0,60,1
1164,7,63,26000,21500,0,60,0
5044,1,28,10600,6379,1,24,0
3492,35,56,9990,10904,0,48,0
457,0,63,19615,22096,0,72,0
3238,8,60,7990,5690,0,60,0
1372,2,54,17021,16224,0,72,0
4204,4,52,11990,11870,0,48,0
6945,1,19,4400,4802,0,36,0
2586,22,77,11800,3800,1,12,0
2907,2,46,12980,13718,0,72,0
2574,22,61,8970,6970,0,60,0
1047,0,50,7990,5827,0,60,0
2917,1,51,14519,15594,0,60,0
776,1,39,6900,7498,0,60,0
57,28,52,22990,15410,1,72,0
6809,9,35,9600,11361,0,84,0
6555,12,72,7950,8359,0,60,0
3606,0,26,14490,13055,0,60,0
4457,20,49,7990,8100,0,36,0
2579,4,20,8566,8675,0,60,0
3971,26,59,15500,15500,0,60,0
1615,0,60,6637,7113,0,48,0
3027,40,57,7106,7489,0,48,0
2364,7,27,25000,24679,0,60,0
4982,21,39,16500,13500,0,72,0
2515,18,56,15975,11676,0,60,0
4086,5,70,15740,11004,0,60,0
1822,0,43,18950,18950,0,60,0
4650,17,62,5237,5237,0,36,0
5833,0,63,14990,13990,0,84,0
7242,35,59,26470,27490,0,72,0
29,2,29,8200,7352,0,84,0
6212,16,43,15724,9440,0,60,0
5014,34,51,3075,3075,0,36,0
4483,7,55,15100,15100,0,96,0
2794,2,40,10900,8900,0,48,0
642,11,67,19190,19190,0,96,0
3105,25,51,5149,5149,0,36,0
2968,8,71,20540,20540,0,48,0
2338,11,53,14440,15666,0,60,0
3836,4,44,12480,11071,0,36,0
5686,23,58,8870,9000,0,60,0
2758,1,58,11400,4606,1,36,0
1945,2,20,7990,7955,0,72,0
5812,1,21,21990,21990,0,60,0
7132,1,46,7490,7122,0,60,0
6208,40,59,4990,4990,0,72,0
6885,1,24,3800,2800,0,12,0
3053,1,27,14790,17249,0,72,0
1253,5,38,11990,11941,0,60,0
3204,2,58,9290,7937,0,60,0
4623,13,52,10490,7490,0,60,0
3355,7,29,5205,5602,0,36,0
6598,16,76,8630,9162,0,72,0
1606,5,42,7430,8596,0,72,0
2751,3,38,11834,12450,0,60,0
3626,7,49,16388,16388,0,60,0
5515,0,51,18710,19700,0,72,0
7232,15,66,8990,7386,0,72,0
1317,12,71,5000,5205,0,48,0
1161,10,48,23940,10704,1,48,0
4925,42,59,16110,5854,1,36,0
3100,0,33,10950,9715,0,60,0
2587,27,53,8932,10023,0,48,0
3002,9,54,5812,5975,0,36,0
6527,4,43,26500,21500,0,60,0
5972,5,31,9900,7900,0,48,0
6962,26,61,11680,9810,0,60,0
5165,1,20,8700,9319,0,48,0
2369,36,60,25890,25890,0,48,0
2764,7,56,2373,2373,0,24,0
6869,4,39,12500,12500,0,60,0
314,5,58,18950,16133,0,60,0
6193,4,51,3810,4211,0,36,0
7418,26,49,19800,23458,0,72,0
219,0,19,13000,11615,0,60,0
5880,3,32,9650,7850,0,48,0
4140,3,32,10900,10900,0,48,0
6156,1,25,9385,7867,0,60,0
2850,22,54,11591,12649,0,96,0
3378,3,51,11900,3690,1,24,0
6827,7,39,12100,6200,0,48,0
2206,4,29,22750,14742,0,36,0
6112,1,49,9990,6929,0,36,0
346,13,53,12500,12470,0,60,0
6246,4,30,7990,8122,0,60,0
4786,12,53,17120,5660,0,48,0
3494,37,58,4450,4711,0,96,0
947,4,69,14450,10830,0,36,0
7393,17,46,11400,13445,0,84,0
6459,1,33,17690,16150,0,72,0
3875,0,24,12890,13704,0,72,0
2197,3,35,13500,11504,0,72,0
2954,0,32,4045,4468,0,36,0
31,9,71,22830,12330,0,36,0
5312,12,73,10890,10890,0,36,0
6355,0,50,12990,14089,0,60,0
490,10,55,21189,21189,0,48,0
5913,10,56,7950,8471,0,60,0
2218,21,56,7300,7791,0,60,0
6371,2,24,23900,23900,0,72,0
7369,1,52,15800,3700,1,36,0
6606,4,68,4342,3342,0,24,0
1632,5,36,6900,7831,0,60,0
897,3,66,16090,11751,0,48,0
3038,3,44,18500,18500,0,60,0
4237,9,52,6990,6441,0,48,0
4446,1,41,25900,16900,0,60,0
6937,24,62,22990,20000,0,36,0
1093,21,40,7100,5319,0,36,0
2301,6,31,19985,13985,0,60,0
5079,0,40,13040,11168,0,60,0
3125,0,27,14890,14890,0,60,0
3799,17,53,13800,7800,0,24,0
6248,4,41,9150,10313,0,96,0
220,1,26,12490,13112,0,72,0
6198,26,48,1700,1743,0,12,0
6927,4,55,9490,10621,0,72,0
1405,7,41,15785,17151,0,60,0
5678,26,53,15290,13290,0,72,0
435,31,47,11400,5400,0,48,0
3964,1,42,9576,10514,0,60,0
6989,6,33,15340,16330,0,96,0
1919,6,28,4600,4985,0,24,0
5841,2,19,11853,11853,0,60,0
4447,27,56,5490,5850,0,60,0
4003,1,35,21080,21080,0,72,0
4810,11,33,8040,8845,0,60,0
1683,18,47,5582,5582,0,36,0
7189,9,45,8461,9301,0,36,0
434,23,45,11850,9704,0,48,0
2554,1,43,11602,10317,0,36,0
3567,7,33,17500,12500,0,72,0
3269,0,24,10500,10500,0,48,0
1293,1,23,3490,3316,0,36,0
5094,27,49,16500,11500,0,36,0
952,3,59,16940,10940,0,60,0
2561,3,47,22000,20355,0,84,0
1188,7,50,13500,13677,0,72,0
438,4,38,20590,21810,0,48,0
2339,19,51,6778,6778,0,48,0
2380,0,49,8905,9488,1,48,0
7312,12,48,22500,21565,0,48,0
3954,2,30,9246,9725,0,36,0
4094,0,27,13550,14796,0,72,0
1104,0,33,30069,20069,0,72,0
6888,3,50,10000,9799,0,60,0
4411,0,48,15000,15000,0,36,0
7216,24,53,22300,23627,0,36,0
5965,40,57,10500,5500,0,24,0
92,23,85,10000,7500,0,36,0
2991,2,49,19179,22929,0,96,0
6878,5,51,14390,7890,1,48,0
2308,19,51,15995,15995,0,60,0
1115,3,31,17205,18000,1,72,0
3206,4,57,9000,9000,0,48,0
5388,6,40,10430,10430,0,48,0
3786,20,79,15958,15958,0,48,0
3377,31,54,13970,15159,0,60,0
76,0,34,16700,14886,0,60,0
6538,1,28,2950,1900,0,72,0
2260,0,55,8180,8180,0,36,0
5916,25,59,6070,4070,0,36,0
2886,6,23,19400,9400,0,48,0
2217,5,64,5000,5135,0,12,0
4959,5,34,17900,17397,0,72,0
5156,21,43,10780,6683,0,48,0
378,0,56,5648,5648,0,36,0
5444,1,32,9990,9990,0,72,0
596,2,21,13660,14966,0,72,0
549,1,29,5850,6090,0,48,0
864,15,56,16990,18177,0,72,0
6243,0,52,29500,23101,0,72,0
3849,15,48,10000,11271,0,96,0
3552,7,52,19500,20954,0,60,0
1972,26,49,9490,10425,0,72,0
2943,24,52,7900,7900,0,60,0
5610,5,50,6200,6200,0,72,0
4941,0,29,10990,9890,0,60,0
3590,12,44,14990,16098,0,36,0
957,20,53,26980,24203,0,60,0
5584,0,20,11313,8490,0,48,0
6289,1,34,4900,5424,0,36,0
6434,1,26,5151,3744,0,12,0
3352,19,43,7922,6922,0,72,0
5255,23,49,24100,22100,0,48,0
2857,0,23,11950,11950,0,60,0
6179,8,26,7970,8709,0,72,0
1558,41,58,8334,8334,0,24,0
1643,2,23,5550,5537,0,48,0
6283,13,54,25500,13690,1,24,0
6122,4,52,18100,18100,0,96,0
7361,15,47,9700,9532,0,72,0
1472,7,49,23987,23011,0,60,0
5814,0,47,15990,13990,0,60,0
5939,0,20,10120,11001,0,36,0
278,15,78,4365,1550,1,12,0
1068,7,50,13600,15494,0,60,0
2121,6,38,13500,14647,0,60,0
6483,39,56,19987,15000,0,48,0
5863,9,74,12500,12817,0,84,0
7064,6,42,14600,13100,0,48,0
7028,0,37,16885,13885,0,60,0
1815,0,53,4243,4243,0,36,0
2518,0,64,8248,7698,0,96,0
532,13,58,4990,5384,0,36,0
1630,4,36,9680,10724,0,84,0
3221,19,78,13950,9895,0,60,0
4118,23,58,18142,18142,0,72,0
4974,23,88,4000,4000,0,12,0
6358,2,57,13000,8607,0,60,0
6318,1,23,3888,4216,0,24,0
3992,0,27,9750,9251,0,60,0
1541,1,26,14686,14782,0,60,0
6099,24,45,7991,7991,0,36,0
3753,41,59,19630,17830,0,72,0
1893,20,66,13385,9485,0,48,0
601,16,79,10489,8104,0,60,0
3985,2,22,10900,11061,0,96,0
6520,4,67,8575,7662,0,72,0
6163,14,52,9000,11220,0,96,0
15,1,30,18400,13169,0,36,0
5246,11,50,20780,19409,0,48,0
4717,15,38,20790,24038,0,96,0
683,11,45,27500,5312,1,24,0
5904,2,55,14290,4290,1,24,0
6971,3,42,5990,5647,0,24,0
65,9,36,19683,22848,0,72,0
7380,24,62,9000,4462,1,24,0
5035,11,40,25049,15049,0,36,0
865,23,49,19990,21880,0,72,0
7191,20,48,22250,11150,1,60,0
1532,9,44,26990,23344,0,48,0
6871,8,52,10125,10887,0,48,0
931,11,72,13819,12819,0,72,0
6094,5,31,9080,9080,0,72,0
1121,2,45,19209,21002,0,72,0
1162,0,38,16500,13500,0,60,0
5887,0,42,16950,17639,0,72,0
3443,15,47,9670,7170,0,60,0
5076,0,28,14420,14420,0,84,0
5412,5,31,8950,9481,0,48,0
6412,12,51,6147,6147,0,60,0
718,23,45,18280,17454,0,60,0
5771,3,68,7069,6856,0,60,0
5516,25,46,13500,15118,0,96,0
347,2,23,8875,4649,0,36,0
5102,1,57,9600,4600,1,48,0
2985,5,55,4400,4940,0,48,0
5576,0,29,23000,25306,0,84,0
3861,0,45,13500,12198,0,48,0
1676,10,66,8900,8616,0,48,0
6506,18,51,15180,13080,0,36,0
3688,6,51,10205,10205,0,36,0
3337,1,40,4680,3950,0,36,0
4365,1,43,7669,7955,0,48,0
4965,9,31,6795,7429,0,60,0
5703,15,71,19400,20397,0,60,0
4708,5,27,15150,13766,1,60,0
2173,13,49,4700,3700,0,24,0
257,4,35,12490,13838,0,84,0
3980,1,32,6598,1598,1,24,0
5060,34,55,17500,15532,0,60,0
3318,14,59,4790,5027,0,36,0
7030,1,22,9990,11087,0,84,0
3942,23,50,22670,22670,0,60,0
452,38,60,5534,5534,0,48,0
4333,10,73,11590,7590,0,36,0
4270,10,49,11900,13210,0,96,0
3458,4,57,15655,19299,0,72,0
1837,0,52,11670,7270,0,48,0
1844,16,47,9985,10859,0,60,0
2441,8,27,24000,22500,0,72,0
5646,17,81,6589,6427,0,60,0
449,1,53,10990,11556,0,48,0
2153,1,42,13990,15227,0,84,0
4825,1,51,6300,7200,0,60,0
3780,6,23,7340,8064,0,72,0
6128,5,53,4250,4745,0,48,0
4239,10,74,8999,6599,0,36,0
265,16,54,11990,6847,0,36,0
1471,14,51,17272,12643,0,84,0
1916,6,24,13500,13500,0,60,0
2588,2,45,26159,24159,0,60,0
6804,4,34,12790,12790,0,48,0
6450,16,36,5300,2358,0,12,0
4607,4,34,10360,9990,0,48,0
2467,1,44,7990,6490,0,72,0
2112,2,47,14000,13200,0,60,0
4438,1,46,25590,22877,0,60,0
3893,19,44,9380,10116,0,48,0
3891,0,30,19590,21705,0,72,0
759,0,63,21188,13976,0,72,0
24,10,61,8600,8600,0,36,0
4950,7,50,6269,6877,0,72,0
2028,14,51,10390,8390,0,60,0
1609,19,48,23665,20764,0,96,0
2451,9,52,6850,6850,0,60,0
254,22,57,4472,4472,0,36,0
848,2,66,5990,6704,0,60,0
486,11,57,15800,10800,0,72,0
786,5,66,29990,28494,0,84,0
3914,15,53,9192,9192,0,72,0
3966,4,21,14950,17447,0,72,0
1662,14,61,14900,12900,0,60,0
6570,2,32,17780,16298,0,72,0
5724,8,37,6990,4822,0,36,0
6416,2,50,5543,6214,0,48,0
4378,41,61,15990,15990,0,36,0
228,4,50,17460,18490,1,60,0
958,26,55,17999,14120,0,72,0
6136,6,45,9000,10055,0,96,0
3035,9,69,5950,2560,1,24,0
926,3,59,7500,7850,0,36,0
112,8,30,11375,11375,0,96,0
4713,7,34,14800,11785,0,72,0
5935,3,43,23779,21912,0,72,0
6847,17,42,10905,12401,0,60,0
3305,2,41,10800,9767,0,84,0
5049,36,52,4322,4696,0,60,0
2741,15,58,9850,9940,0,48,0
2034,7,61,12000,11000,0,60,0
4392,2,35,11770,12230,0,72,0
5130,1,51,16990,6758,1,36,0
100,8,25,5900,3315,1,48,0
2337,12,43,22885,13885,0,48,0
4162,0,21,7090,6579,0,48,0
3779,6,38,16490,14490,0,60,0
1235,11,44,12790,11490,0,60,0
4320,0,43,15990,15572,0,60,0
5273,6,31,4795,3646,0,36,0
5071,3,46,7800,6800,0,60,0
3647,20,84,16280,2287,1,12,0
2199,28,51,16000,7250,0,48,0
3555,4,21,15900,17674,0,96,0
1416,2,32,13990,13048,0,60,0
6881,1,31,19286,19286,0,36,0
994,4,62,9300,6869,0,60,0
1583,20,75,6500,6000,0,60,0
3080,35,61,7439,8056,0,48,0
5707,1,23,28400,26448,0,60,0
2629,0,44,10950,11080,0,48,0
5792,21,45,13500,11000,0,72,0
1437,2,22,12990,13182,0,72,0
2804,0,20,12300,11944,0,48,0
7048,3,27,12890,17259,0,60,0
7267,2,25,19303,17573,0,60,0
4520,25,52,13890,15100,0,60,0
6161,10,59,14750,14750,0,72,0
2977,3,29,24900,26833,0,48,0
3326,7,27,19181,17681,0,48,0
5397,16,52,19800,14658,0,84,0
4355,7,36,18500,2500,1,24,0
5141,0,52,12129,11562,0,60,0
2525,10,69,16613,16613,0,36,0
1346,6,69,18690,9690,0,36,0
4536,6,59,9400,10000,0,60,0
2505,3,61,24990,24990,0,36,0
7008,11,37,13548,15290,0,48,0
1144,27,46,6244,6244,0,36,0
2423,11,41,12814,13933,0,60,0
4989,15,64,19550,12750,0,72,0
2080,20,55,21500,16500,0,60,0
4671,2,34,13980,14555,0,48,0
463,23,57,3590,2238,0,24,0
5062,1,24,18380,11801,0,60,0
2321,0,54,6985,1985,1,12,0
598,19,50,5690,6372,0,84,0
3931,12,32,14090,10822,0,60,0
6790,2,59,5349,3533,0,48,0
1755,27,51,6040,6693,0,60,0
6925,22,62,3399,1947,0,12,0
5492,7,41,3500,3000,0,12,0
3315,1,49,11990,12159,0,60,0
6714,35,56,11890,8890,0,60,0
5500,32,48,14790,12790,0,72,0
4651,1,46,13410,12500,0,72,0
268,5,28,16250,12750,0,48,0
6647,20,59,16400,17122,0,72,0
7250,2,56,4650,4906,0,48,0
856,4,21,9985,10114,0,96,0
5933,27,62,11000,11789,0,48,0
1962,0,19,6780,5479,0,48,0
3159,14,42,9200,10330,0,48,0
6232,1,23,4184,4008,0,24,0
6045,14,32,21657,18766,0,72,0
2131,1,27,3700,1600,1,36,0
3127,7,28,16871,16818,0,60,0
7414,19,37,15550,14408,0,84,0
7001,1,25,11000,7896,0,48,0
3126,0,36,12717,12717,0,72,0
2254,1,23,11990,12939,0,60,0
655,4,55,5550,6109,0,48,0
3973,4,47,22500,12741,0,84,0
240,22,40,23049,17931,0,36,0
63,0,65,11490,7690,0,60,0
5824,1,18,24990,24990,0,96,1
2086,9,31,15990,13990,0,96,0
1564,14,41,12300,9300,0,96,0
2966,22,56,12800,14045,0,48,0
3332,16,54,7700,3000,0,24,0
2894,9,54,14500,2000,1,12,0
1736,17,37,9096,9096,0,24,0
7174,13,35,13990,13031,0,48,0
5808,16,46,6300,5707,0,48,0
7084,37,55,23622,25560,0,72,0
4304,30,48,5900,5900,0,72,0
3139,5,43,5980,5980,0,48,0
7303,3,34,8900,3085,1,24,0
3608,20,59,6540,4225,0,24,0
2167,3,26,8490,8490,0,84,0
5668,1,20,15334,15334,0,60,0
6510,0,22,11485,12463,0,60,0
3426,0,49,26450,24170,0,48,0
5194,23,39,12650,13745,0,60,0
6633,4,42,12990,14077,0,60,0
6430,11,28,8910,3889,0,24,0
5787,23,40,20900,19200,0,60,0
5212,0,21,11950,10333,0,60,0
4894,8,48,15809,14509,0,72,0
6250,2,22,19085,19674,0,60,0
7050,0,25,14900,14273,0,48,0
2357,0,21,5000,5000,0,36,0
1881,16,43,16995,15191,0,60,0
7146,10,56,19880,21779,0,96,0
5257,4,46,22618,7378,1,60,0
6660,4,35,8900,2900,1,12,0
2802,9,67,9485,7441,0,72,0
4091,5,29,5500,5500,0,36,0
6053,2,48,12000,13957,0,72,0
2763,6,53,9850,9850,0,72,0
1509,16,55,23250,25080,0,72,0
169,2,24,7560,6592,0,60,0
1941,10,31,10500,7000,0,48,0
4316,2,67,13000,11000,0,96,0
3282,1,50,9490,4087,1,48,0
602,7,46,3900,3900,0,48,0
6280,35,68,10690,8690,0,60,0
6262,19,43,4985,4339,0,60,0
252,19,36,19500,18200,0,60,0
6194,2,32,12000,9000,0,48,0
5238,4,42,10050,8222,0,36,0
1756,2,38,10990,7990,0,36,0
2405,15,41,4401,4401,0,36,0
5559,4,49,7800,7876,0,96,0
1654,5,42,13670,13670,0,12,0
5304,2,54,12900,10832,0,60,0
4696,35,65,7500,6561,0,60,0
5103,1,25,15900,15300,0,72,0
371,2,22,26480,29039,0,60,1
2495,1,30,15100,16384,0,60,0
1879,0,21,20600,19609,0,60,0
2874,3,28,8100,4531,0,24,0
6840,15,38,12485,11184,0,48,0
3801,13,65,6100,6490,0,36,0
650,4,40,12990,10901,0,72,0
883,2,19,12700,10700,0,48,0
2163,3,47,23720,14099,0,60,0
6858,2,67,9742,6654,1,48,0
3819,1,34,3936,4357,0,36,0
1572,20,50,20990,20990,0,60,0
2623,8,28,4800,3800,0,36,0
1902,0,53,9030,10277,0,96,0
3277,9,39,22472,22030,0,72,0
1505,20,74,4505,4631,0,36,0
37,25,58,18538,9273,0,60,0
5963,6,55,5990,6695,0,60,0
4812,1,65,5800,4300,0,60,0
1788,15,51,17490,13990,0,48,0
2164,20,45,7990,8318,0,48,0
6348,1,43,19000,19000,0,60,0
2890,26,45,15990,17495,0,72,0
7368,9,55,10760,8639,0,48,0
3154,2,35,5990,5030,0,60,0
3006,24,55,14990,7490,1,36,0
4994,6,32,8500,9941,0,72,0
4927,15,74,12500,10200,0,48,0
293,34,53,20245,20995,0,72,0
5285,0,22,14000,9000,0,24,0
7167,6,34,7190,7951,0,36,0
6345,16,46,17900,16000,0,60,0
3945,2,28,18390,15890,0,60,0
3209,25,49,14164,14164,0,72,0
4058,8,39,12100,9497,0,60,0
3410,2,24,12490,13009,0,72,0
5790,17,75,20450,15450,0,60,0
4685,2,20,27490,26490,0,72,0
1400,1,29,8990,4129,0,48,0
6704,3,26,13430,10089,0,72,0
2252,28,55,19360,20346,0,48,0
1877,26,55,22789,4150,1,24,0
2115,30,57,6900,3050,1,24,0
4649,39,60,19411,10590,1,48,0
6055,0,58,5990,2059,1,24,0
1940,27,50,7185,7517,0,84,0
1612,3,39,21990,16990,0,72,0
887,7,69,10990,5990,0,48,0
1530,13,56,10000,7000,0,60,0
2019,0,28,8240,5240,0,24,0
5488,0,28,10900,10900,0,96,0
2358,14,42,16680,7005,0,24,0
4563,6,24,12200,12200,0,60,0
7004,20,53,17500,13460,0,48,0
4317,4,23,7701,7701,0,72,0
7288,6,59,13880,11077,0,60,0
889,15,36,9170,10084,0,60,0
7157,6,33,15000,5444,1,60,0
3927,1,49,13750,13012,0,60,0
1869,19,51,18990,19027,0,84,0
1278,2,46,8690,9057,0,36,0
2873,23,79,6353,6353,0,60,0
730,24,53,15990,7517,1,36,0
19,44,60,13800,11808,0,72,0
4076,2,63,20590,17590,0,60,0
4368,9,68,4126,4126,0,60,0
6226,30,47,13690,11690,0,48,0
4189,17,77,19500,16500,0,60,0
6591,2,26,21000,21000,0,72,0
3308,38,57,11110,9110,0,60,0
1351,2,38,6500,2000,1,24,0
3961,1,50,15990,15990,0,60,0
6073,11,77,17460,5350,1,24,0
4827,6,23,6640,6640,0,48,0
6820,7,38,29490,21490,0,60,0
6171,3,36,2897,3140,0,24,0
1915,0,30,8700,9506,0,72,0
6336,29,48,6500,6645,0,48,0
6057,11,38,15340,11340,0,36,0
6773,23,58,15775,10000,0,48,0
2908,40,62,7617,7617,0,48,0
113,26,52,10990,10890,0,96,0
2655,23,48,15470,12815,0,96,0
2478,17,59,4300,2967,0,36,0
1677,0,43,11990,11990,0,60,0
1476,2,38,14999,9499,0,60,0
2420,1,54,20168,20168,0,60,0
3008,6,57,7790,7790,0,36,0
2678,17,60,11900,6400,0,60,0
4174,3,66,9873,2873,1,12,0
7026,4,66,25950,21150,0,72,0
7193,13,44,9000,4500,0,36,0
6593,8,25,6990,6344,0,72,0
5338,12,58,20290,21813,0,72,0
2345,15,35,14500,12259,0,60,0
1534,0,25,14500,16540,0,60,0
4578,0,28,15799,6214,1,36,0
548,18,40,6300,6236,0,48,0
3910,4,59,14950,11548,0,60,0
2549,12,66,8900,7400,0,60,0
6703,17,35,10775,5823,1,48,0
6204,1,46,6409,7476,0,72,0
5148,1,36,8950,8838,0,36,0
5548,23,45,7813,8381,0,36,0
2240,7,48,13285,10715,0,48,0
83,14,35,17960,14960,0,48,0
5586,7,27,12400,12008,0,84,0
2718,0,54,15120,5773,1,24,0
5693,1,33,7750,5878,0,48,0
6991,4,41,3900,2900,0,48,0
2929,2,21,27000,29425,0,60,1
4078,11,28,10500,6093,0,84,0
4414,16,48,27840,8000,1,24,0
4359,5,67,6712,7226,0,24,0
5838,7,35,16200,13000,0,60,0
742,13,46,15635,9035,0,48,0
1071,1,24,11590,8736,0,60,0
1791,13,48,19000,11500,0,48,0
6537,3,26,7990,9456,0,84,0
5852,10,74,4430,4555,0,36,0
2458,3,47,17999,12600,0,36,0
6764,4,57,7800,7800,0,48,0
5296,5,44,6500,7231,0,96,0
1271,3,36,13500,10486,0,72,0
6731,2,44,9500,10230,0,48,0
4857,24,51,14990,5350,1,36,0
166,18,46,2500,2656,0,24,0
4888,10,72,8389,2489,1,24,0
1710,11,47,10390,11745,0,60,0
3936,19,40,13490,13490,0,96,0
1617,0,33,14950,14950,0,24,0
6253,40,66,16150,14104,0,60,0
5152,3,40,12980,14444,0,48,0
6009,13,36,6200,7173,0,72,0
5460,0,29,10970,7118,0,24,0
5030,1,31,20250,18250,0,96,0
3813,21,77,5800,5800,0,60,0
3182,30,61,9100,9100,0,72,0
2471,11,52,19900,13000,0,36,0
2463,0,63,8450,6148,0,36,0
3299,37,69,23300,20800,0,48,0
5716,24,47,5255,5255,0,24,0
2287,12,43,15500,17684,0,60,0
5717,26,45,14800,10902,0,96,0
1559,1,31,15000,14000,0,60,0
6725,27,58,7067,7067,0,72,0
1413,6,55,11700,12393,0,48,0
4505,32,51,15990,8500,0,48,0
7138,0,24,10548,12423,0,72,0
6859,34,54,15700,3000,1,24,0
1053,15,32,3900,4464,0,60,0
2951,4,28,11090,13090,0,84,0
3800,0,38,25390,25390,0,96,0
6443,3,31,14300,15181,0,60,0
682,9,54,24550,21550,0,96,0
880,28,72,14105,14829,0,60,0
4523,1,52,11990,11432,0,72,0
1600,14,73,7078,4000,1,48,0
4100,1,39,1600,1600,0,24,0
6224,4,54,9586,9586,0,48,0
2847,16,77,5990,2990,0,24,0
2263,13,49,14280,12906,0,72,0
6027,0,28,14500,6000,1,60,0
5446,16,61,15570,12170,0,72,0
2523,1,29,2239,2239,0,15,0
2680,2,25,6250,3250,0,24,0
7083,39,56,5985,6004,0,48,0
2926,2,44,5641,5851,0,48,0
1052,4,36,20980,17380,0,60,0
446,4,51,25290,24155,0,60,0
5549,25,48,11450,11450,0,72,0
6455,0,48,19990,19610,0,36,0
2387,12,49,15990,13766,0,60,0
1101,3,23,21942,21942,0,24,0
2755,18,49,12950,11933,0,72,0
3286,1,24,11400,8400,0,60,0
6063,5,61,10561,10542,0,60,0
1034,11,45,9990,7698,0,72,0
1061,1,52,10990,11917,0,60,0
1381,1,30,7725,1897,1,12,0
2620,4,27,14975,7396,0,36,0
1189,5,70,20458,16208,1,60,0
1586,10,30,20710,5710,1,96,0
5955,20,44,8999,9529,0,84,0
17,3,22,9078,9909,0,60,0
1412,9,52,14410,17302,0,96,0
1149,1,38,10790,4790,1,48,0
2465,1,22,4795,5299,0,36,0
4674,2,18,20890,23055,0,72,0
5377,8,32,7940,9463,0,84,0
5505,11,71,16990,9490,0,48,0
4081,0,20,21600,21612,0,72,0
5157,10,30,9490,7696,0,60,0
26,44,61,19312,19312,0,72,0
4709,6,39,9500,10546,0,96,0
3334,17,57,5690,5690,0,48,0
2440,18,46,9900,7100,0,72,0
4420,3,50,10990,10301,0,60,0
6696,15,45,9600,6110,0,60,0
1623,30,47,8469,9202,0,60,0
4215,7,44,6200,6315,0,60,0
5820,30,46,14350,16100,0,60,0
3937,0,30,10900,8900,0,60,0
1152,1,24,11690,14164,0,60,0
5129,13,58,9990,4990,0,60,0
5856,28,55,17945,20863,0,72,0
6368,24,83,9850,2592,1,12,0
6792,16,48,12750,4750,1,36,0
3193,37,55,22770,19865,0,48,0
5419,4,53,11480,15292,0,60,0
496,1,48,13000,10000,0,60,0
5659,4,37,9900,10172,0,60,0
1867,14,39,17090,17990,0,72,0
85,0,33,8900,7400,0,60,0
1957,5,49,15050,9050,0,60,0
1490,15,44,9820,6665,0,36,0
2072,28,52,27500,24133,0,60,0
4845,3,23,18500,19211,0,72,0
1146,6,66,6490,2490,1,24,0
1699,9,36,29172,16172,0,60,0
5953,24,48,5768,6262,0,24,0
1611,13,57,24950,24950,0,72,0
1001,3,56,16490,13000,0,60,0
5910,9,34,7990,9489,0,84,0
3871,4,59,11420,11420,0,54,0
4743,6,27,9699,8899,0,60,0
6822,7,32,5750,6248,0,60,0
3078,3,48,19250,19250,0,60,0
5155,1,29,14990,12768,0,48,0
3279,15,40,18900,20499,0,60,0
1748,22,55,16280,11200,0,36,0
5159,2,49,5698,5698,0,36,0
1112,1,31,12500,7500,0,36,0
2006,31,53,7520,7520,0,32,0
2818,16,43,6600,7980,0,96,0
393,8,69,8021,8021,0,36,0
3270,10,54,8059,8691,0,48,0
5962,3,37,3924,3924,0,12,0
4077,33,68,3246,3409,0,24,0
4848,9,73,14100,9600,0,60,0
2124,0,54,16937,18330,0,60,0
6020,1,54,33485,26485,0,96,0
1103,4,28,6560,7140,0,48,0
1995,0,48,8595,8595,0,60,0
5523,16,46,17860,16640,0,60,0
3560,5,28,16200,13128,0,48,0
2413,0,30,12990,14130,0,60,0
4503,16,77,11890,6445,0,60,0
7287,0,23,20990,20895,0,72,0
4745,2,68,1600,1675,0,24,0
5286,24,51,6749,6164,0,60,0
1477,17,55,8500,8500,0,48,0
1665,1,66,7896,7896,0,60,0
6422,14,57,20600,20600,0,72,0
1415,2,51,6789,6533,0,60,0
3617,8,58,6373,6373,0,48,0
5747,17,40,12290,3000,1,36,0
2310,25,42,15980,15980,0,48,0
3796,2,27,10500,8728,0,60,0
2154,2,44,10900,10051,0,48,0
6502,17,44,10900,5900,0,60,0
3548,15,50,13990,12263,0,84,0
4220,31,59,16400,11923,0,48,0
3901,0,22,9990,9849,0,72,0
344,10,51,27990,18990,0,36,0
6524,13,62,15830,10524,0,36,0
2535,17,50,14495,8706,0,48,0
2388,21,76,5900,2400,1,36,0
5164,0,27,6950,7552,0,60,0
7255,1,36,23490,25708,0,72,0
2268,17,50,4812,5173,0,36,0
3977,28,59,9932,11431,0,96,0
3824,15,54,6590,4506,0,36,0
2191,32,51,4200,4200,0,24,0
3316,4,48,8200,9150,0,84,0
1694,2,58,6069,6546,0,36,0
4602,1,39,16890,4218,1,60,0
229,4,33,8970,10433,0,72,0
4808,0,43,7600,7600,0,72,0
5186,15,60,9300,8514,0,60,0
1002,24,53,25530,16420,1,24,0
6222,24,51,4761,4761,0,48,0
1745,7,58,7731,7731,0,48,0
214,21,42,9016,9016,0,36,0
2210,26,46,12470,9470,0,48,0
3792,0,50,16500,9500,0,36,0
7423,22,43,23900,27815,0,72,0
3130,25,62,5700,1700,1,12,0
517,8,55,12500,4200,1,48,0
4865,8,57,5069,3140,0,36,0
6249,6,25,7671,5504,0,24,0
733,8,82,25990,23315,0,60,0
1193,2,55,7990,6508,0,24,0
495,3,46,14000,12832,0,48,0
2264,1,47,8100,8100,0,60,0
662,5,54,6731,6731,0,48,0
6830,1,18,13690,8690,0,60,0
2694,2,34,16800,15800,0,60,0
1782,8,62,6400,7159,0,72,0
3123,14,35,12500,13839,0,48,0
3393,6,66,2700,2700,0,24,0
684,5,34,13174,13174,0,60,0
3956,6,45,15490,12484,0,60,0
7377,3,48,4600,2764,0,24,0
6865,9,38,29980,28341,0,48,0
3989,6,66,9085,9735,0,72,0
3406,5,33,13000,8615,0,48,0
4746,5,38,18700,16566,0,36,0
6103,3,65,5101,5271,0,24,0
5753,7,46,12490,7611,0,60,0
6469,37,63,8828,8828,0,12,0
4509,19,54,13900,13900,0,72,0
2053,5,35,14351,14182,1,60,0
6691,12,77,10000,5000,0,12,0
1123,2,23,7995,7995,0,96,0
297,26,45,8900,6900,0,60,0
6548,2,54,4888,4888,0,60,0
87,8,47,9950,7950,0,48,0
3540,16,80,22450,15450,0,36,0
1878,4,58,15800,13800,0,36,0
6951,2,29,15730,14620,0,48,0
3428,33,61,11800,3800,1,24,0
3404,7,59,24585,21585,0,60,0
6245,25,53,12500,8000,0,60,0
3720,13,54,7500,8149,0,60,0
5204,13,72,13170,7170,0,48,0
2988,1,44,18900,15900,0,60,0
7038,31,52,8690,6514,0,48,0
4593,1,23,15000,15000,0,48,0
144,4,45,3490,3490,0,48,0
1407,1,21,15000,14428,0,84,0
2569,3,41,21990,20279,0,72,0
5198,7,29,10850,5850,0,36,0
5558,2,40,6990,7628,0,72,0
3129,10,31,5193,5193,0,36,0
6337,5,52,10990,10990,0,48,0
7306,13,46,8028,6824,0,48,0
2522,23,45,8950,8518,0,48,0
3208,9,69,13300,12300,0,96,0
993,27,55,29400,18800,0,96,0
476,12,76,11770,9770,0,72,0
2042,0,29,5190,5606,0,48,0
307,6,69,5850,6292,0,24,0
6220,2,32,6500,5988,0,60,0
6504,1,45,18900,21025,0,96,0
2671,31,59,16519,6877,0,48,0
3185,30,47,20190,17814,1,60,0
1951,12,73,4850,3150,1,60,0
6950,0,28,13490,13490,0,60,0
328,9,37,20485,19485,0,60,0
402,5,64,12900,14510,0,60,0
3145,11,71,16799,14789,0,48,0
1220,0,25,10750,10750,0,24,0
3263,11,56,4450,4000,0,24,0
1410,1,21,9190,10723,0,48,0
4299,0,20,27980,27980,0,60,0
106,6,28,20400,18900,0,60,0
1642,1,45,18990,20912,0,60,0
7291,9,61,10930,10930,0,60,0
5426,17,54,6045,6045,0,48,0
818,0,25,7950,7950,0,84,0
349,1,29,16800,14000,0,96,0
2722,0,29,14080,14890,0,72,0
6671,1,55,7860,5990,0,60,0
4981,18,58,4950,5434,0,60,0
4252,26,48,8800,8800,0,60,0
4908,6,62,20839,17035,0,60,0
4369,26,45,6787,7304,0,36,0
615,30,59,9900,8489,0,96,0
5899,2,55,5900,5707,0,48,0
6033,5,53,9980,8680,0,48,0
1789,2,48,5602,5969,0,48,0
1964,36,59,7897,8173,0,24,0
4323,4,53,16990,13990,0,60,0
3227,8,71,18500,13760,0,48,0
4039,0,25,13500,13500,0,36,0
2434,27,43,14748,16097,0,60,0
507,4,23,20960,27184,0,96,0
2157,11,61,11900,7400,1,60,0
1231,8,35,5800,5800,0,48,0
3826,19,81,23490,18169,0,60,0
6377,17,62,7990,1611,1,12,0
1042,5,49,11999,11999,0,60,0
4059,12,48,29500,24000,0,60,0
3728,8,34,5630,6081,0,48,0
2002,3,31,26490,13450,0,48,0
3543,30,54,4598,4598,0,36,0
3658,4,31,16050,12800,0,60,0
6996,4,29,15980,13608,0,48,0
731,7,30,7450,8022,0,48,0
51,2,22,13000,2500,1,12,0
239,5,29,4467,4817,0,48,0
1705,0,20,26000,28504,0,72,1
3116,7,46,5327,3327,0,36,0
5425,23,43,10000,10000,0,36,0
1888,26,66,4856,4856,0,48,0
1225,15,46,11390,9254,0,48,0
6199,0,37,7475,7475,0,36,0
1738,14,74,7804,8263,0,60,0
6818,2,56,5000,5174,0,24,0
4844,1,55,28980,24376,1,60,0
1503,7,60,13990,13990,0,60,0
1808,17,48,9440,10241,0,60,0
3288,27,52,11690,12728,0,60,0
5324,9,51,3500,3338,0,36,0
493,1,41,9990,9990,0,72,0
1170,4,63,13230,13230,0,36,0
6490,11,38,23186,6557,1,24,0
7156,9,69,13190,8190,1,36,0
5091,17,49,5890,7217,0,96,0
6531,0,35,14320,12820,0,60,0
1840,10,70,6490,4990,0,36,0
2276,5,37,25000,25000,0,96,0
873,4,58,9780,10755,0,48,0
1513,3,20,11900,13073,0,72,0
