,Benchmark,ApplicantIncome,CoapplicantIncome,LoanAmount,Loan_Amount_Term,Credit_History,Married_yes,Dependents_0
272,0.3685217684281663,0.05611866555002048,0.0452035030727078,0.14595186835452575,0.01275527950790346,0.15454066525166893,-0.001891764324920332,0.005202011314670918
284,0.7033105560177089,0.36605461288758195,0.09875596914426443,0.23127582817313003,0.0156502843030125,0.0992081582991834,0.0053841919631899444,0.01202608923078653
556,0.3363598719364001,0.07692039708764405,0.06216240375083003,0.09678983718112771,0.015621262307305692,0.17454057684448757,-0.004343898926875536,0.006812120316803154
127,0.31893802037481755,0.10371568443572546,0.09062768314286865,-0.02695097601528254,0.010803865982678806,0.2000352376541936,0.011744916677589425,0.005012270796084753
201,0.24057008435861646,0.175224515015703,0.03393762508258382,0.22281812283251562,0.005817209130717946,-0.07757921313625707,0.006411115299137417,0.01125963970181262
40,0.6390725587030212,0.22899861457196505,0.13258675882496776,0.3214430155068008,0.006622399410731657,0.07445776526439006,0.025458330889312517,0.005688962897467313
606,0.30839383002826565,0.0676363863320203,0.12835109382313206,-0.031887649619348285,0.010197952429332937,0.19777580355188068,0.007647512360711994,0.0026700130444344914
235,0.3445458011811865,0.18171408037341233,0.07203070601673327,-0.021990141301831592,0.009388522828846469,0.15799574915340317,0.006641823343502999,0.007323991862435822
16,0.32361843092030473,0.09891786140071238,0.002611050282142694,0.1291256508639283,-0.0024396384128175766,0.18637046700475018,-0.010919972069365255,-0.0014881764899416173
8,0.33159493545535595,0.12650643423241908,0.04243001892698193,0.055542727462324075,0.009864164025313706,0.16826835586539712,0.006253021835910029,0.0005030715611779464
312,0.3365436193385025,0.07325398532332154,-0.012232452109859984,0.14914189213816972,0.011419060781415849,0.18035925993111362,0.0001227230473961181,0.0063376045769453805
389,0.3716000489705709,0.10927233225748113,-0.004012394626484718,0.13275260375744402,0.007693555001818945,0.15676338170926027,0.0055140343534013855,-0.0008411656664887596
449,0.6159791041212181,0.14838556417540627,0.0808766757837704,0.4513849301782412,-0.00444256043611445,0.06972687219857855,0.029606195189056335,0.017290955637578227
315,0.3327736685218369,0.027362650240914034,0.08027064606399155,0.12213077510106185,-0.004420964040182707,0.1729453371457648,0.01688507012107627,0.0053461663146070265
493,0.3233793245015957,0.185668198675618,0.024707351108426923,0.008312619500560385,0.007679088509287353,0.18380521043564407,-0.010426503097087581,-0.0018417463779606942
428,0.3285356264031754,0.11191641906621246,-0.006907547269780928,0.0996417366863613,0.0105816064061595,0.17853957612347124,0.010243474584474197,0.0055700763596662085
530,0.29218692294717025,-0.007542900716261123,0.15508110167055164,0.03604238433383713,0.011549582066365053,0.18355083762937918,0.010864616501112971,0.012364921068378753
79,0.34640838229984017,0.10646261474527977,0.010750486752440381,0.09693105784714211,0.012132383025531676,0.17531268684691834,0.008683003348248569,0.005385596520969229
407,0.30982044311184276,0.12859350752142945,-0.011660495362635928,0.030782040874652982,0.011163557992576586,0.20470160403817458,-0.009003767533889803,0.014653339450024122
512,0.3631356934480487,0.08696613075621251,0.07776027436278643,0.05685530556539202,0.010692542332255224,0.16645228226910397,0.005557786856259982,-0.0004732665735403624
520,0.36390636367022466,0.06356741714406536,0.06303364747150637,0.11535737139681905,0.009782391908492167,0.154491934187401,0.010844492552434306,-0.007865727233249882
134,0.3321631115440077,0.08269331361702317,0.0011376586109318612,0.10678132112553873,0.009056718306116162,0.1942141920138806,0.0026242887295267014,0.0031557275301531836
359,0.31709957650416953,0.05372653769959794,0.1397512511577418,-0.020689345794099253,0.011255409433269654,0.19720460264079795,0.016490858576751834,0.008111684762077931
57,0.6280692427754527,0.28418574300533184,0.14592183857729724,0.26912287161973814,-0.0023183531136101577,0.06221105938234945,-0.00890197858289227,0.016160488784900454
155,0.217825638939273,0.15192479029092396,0.04878479501482468,0.14072743691830802,0.09085237165389391,-0.0467257902515784,0.014276080661626181,0.022116356885489356
232,0.3615769917717392,0.1012739414492211,0.021270025584374606,0.1319165162235929,0.014397682778377734,0.15451416421842137,-0.0038109333674168065,0.00843173837122714
188,0.29446902837747735,-0.021019694464781153,0.12254150490868047,0.0738578259847353,0.010627486112529417,0.18615472934367713,0.006125640061958693,0.01156744906720471
602,0.324795134999792,0.21547066082467156,-0.006097984907656939,-0.013587076427012547,0.005007998285202531,0.1827999166860378,0.002092388280478474,-0.0016778747661886312
55,0.35780326500719933,0.05077989918805385,0.0743906995162407,0.11196062567421793,0.012808130708901381,0.15820854342862484,0.014262750186288775,0.001643720326265369
271,0.31301439007577053,0.09911316282152748,0.008121982840920474,0.07640565306294378,0.006404130226614612,0.19514524183497828,0.017906827822397744,-0.003913862861573299
211,0.7459100850158729,0.09919909128279834,-0.0360898436019631,0.21286825664417688,0.0138332376242622,0.5525131249965298,0.010055671178872811,0.012756996357262006
492,0.33098062962386426,0.12724530856580482,0.009503332980911591,0.09171116595373675,0.01057817572475201,0.17833289340954336,-0.0024938202475014762,0.0031509300073405563
432,0.3054123263155728,0.11254613165175013,0.04261453497339823,0.0750490840895316,0.008214128469333368,0.18391945031612958,-0.01180231194736452,-0.004845591577408512
460,0.3319120257890392,0.037682901785595614,0.10590534777152345,0.0859793451858096,0.01622473938287095,0.15824476623451547,0.011112671060352757,0.01149990658408416
467,0.35301152372984707,0.14480361144241158,-0.00027716103962488833,0.06752743730452364,0.0075708847573468996,0.17594468202742955,0.012048955914205094,6.98280954039474e-05
180,0.7602313753563277,0.12540131580058994,0.02249067832265574,0.050101254887136876,0.012634819442966287,0.5859157236969624,-0.004130210019255081,0.01637680124351792
126,0.2945591184788845,0.06757225642644765,0.03363149786748602,0.09072418576684213,0.010696028833896717,0.18704700220601564,0.016383667132297903,0.013469300259271445
243,0.3465804410126817,0.00936445223875946,0.11035849142227055,0.07307137772544561,0.006863737438033684,0.18224553426058882,0.016623564394101332,0.0070396405732117175
331,0.3351575238012674,0.10094987330918993,-0.015562178852615932,0.10884453654481328,0.011610970745852581,0.19092696860766592,-0.012396388593795968,0.0031640462536718303
230,0.36219571457552385,0.06838642169489287,0.07879205556774552,0.10015931396510014,0.013668115337517654,0.15307119457473187,0.015124288729526755,0.004290551378391704
59,0.3225760704109004,0.04531421722652242,0.06179456953004549,0.08850232169931038,0.010552370181446658,0.18589096817751818,0.006404039707316155,-0.005532044676463473
515,0.3460798372723613,0.04357260933101882,0.151871290368288,0.044012677951888644,0.013097080378481814,0.159237622632528,0.009295739039380331,0.004360350809351251
153,0.608253006138509,0.33473827129381944,0.2687491114022212,0.1028385795904811,0.0018285350863665513,0.06920860395586237,-0.013869110422198724,0.040057165652488694
266,0.3334816544377927,0.0997036549037441,0.04485948146200979,0.09099334188318288,0.011898310680577338,0.16336334138593006,0.006957328357909944,0.005616610822294261
355,0.35157416717553297,0.11064334358494549,0.015646637883943694,0.12823132623082728,0.009643244134409928,0.15969157087914512,-0.002768027340690295,0.007272125813134894
161,0.6282195312891519,0.05773442446502455,0.08543590503487647,0.490685805584341,0.013766254852136393,0.07588772125028631,0.000807850038730279,0.06814720634513732
541,0.7113155057804342,0.04241998335410452,0.13014157157916104,0.045316790991905546,0.01600343478494936,0.5988576962404073,0.04570216181809113,0.006084642363079995
419,0.34374730089309863,0.11978277842589581,0.04754905723547309,0.020548702942939315,0.008770962459112538,0.18731979267218524,0.0003071002975550629,-0.007251606596853297
192,0.6490793655325775,0.4387811120863051,0.13593014492984515,0.10361478106519749,0.010605065990982649,0.09854653313501167,0.0029877765153354303,0.022097663141724677
333,0.2919640705924021,0.1059040970965511,0.039413644347987116,0.06298652915940403,0.037618562176982034,0.17529648540116832,0.017409280955729346,-0.0002803277064123037
470,0.33395775331091637,0.0703803672211033,0.09143311329902282,0.0487717858829965,0.011145608015713345,0.17233457024937218,0.00781976455085659,0.00408741702095927
114,0.3359493601448194,0.045376613687531625,0.004856580620228596,0.165900873402606,0.009727326001994488,0.1815988296940955,0.0016746296493427451,0.00264365080744422
280,0.7134124099578677,0.059810615825718165,0.04657872203889049,0.009616376498003768,0.009362933023202446,0.6678802498477463,0.009932753514985088,0.0278616650288709
558,0.3367337437328071,0.09685958984378289,-0.00010064237321803341,0.09916699766556766,0.008476810947186783,0.1803079128591232,0.004941655182785026,0.006383998734660902
324,0.317040984655479,0.19910946359953455,0.02515105257047055,-0.009880398661473009,0.011246469143902428,0.1736830694273363,0.012787952448643568,0.021741142324579098
584,0.6731683101005641,0.09372332396277543,0.02932381872919113,0.07859953912400967,0.020612728751319167,0.6431009811567784,0.02272045854421316,0.03356398555746502
338,0.862603686284753,0.18525459638893155,0.06385765822230242,0.1289348256224168,0.0029092419720850474,0.383687628884394,0.01146571744509648,0.013869778756351873
218,0.7424637714796939,0.15083196437981103,0.08604491283957116,0.034095526946629484,0.02126734017852359,0.5492960751677078,0.009842804488212372,0.02197250663385772
400,0.7129258459454549,0.09376130586036417,0.08456073277665174,-0.02466221667761353,0.0001169720546410178,0.6583691910447204,-0.0014293283854278638,0.023785733398217584
54,0.818538601199839,0.052391684305860484,0.029828999390020674,0.10953005729509518,0.00251009260003549,0.5760873283723927,-0.019231814612614747,-0.028219967567538824
440,0.3187117824751357,0.10568058382774959,0.026791446312521446,0.08558831237751233,0.016258702223612705,0.18470304721752126,0.00538036752283443,0.009386204026153632
585,0.6800389569936385,0.14145248593752488,0.3139126124883321,0.23913140366706984,0.0164726868276079,0.09728945543107338,-0.0010815758709823455,0.011630844257805951
366,0.6005998851835976,0.13872390539840174,0.23632015487007096,0.08499031473680708,0.2608337795934744,0.08868334822677511,0.09095548218664715,0.015365616196244363
229,0.2853773950538097,0.1167841848544074,0.023743391487758315,0.04518368387233358,0.0059282265241821985,0.20256990624373156,-0.014713975310680274,-0.005761873174980036
539,0.3089449386108464,0.09120571976963192,0.016003400085884724,0.05119412756655405,0.025181130624658103,0.19434695817742897,0.010779916084989648,0.004548873843374614
24,0.6192420113960518,0.21707340608188253,0.35048940767309145,0.13527471882895548,0.006092357624609782,0.07778857974738125,0.005046728475657639,0.022092394918560666
365,0.6752890276270171,0.44978557034278743,0.09874351519746617,0.12956525632772156,0.008941856859782075,0.09006816525589333,0.022375759547432626,0.020719131169222305
506,0.31048894044572545,0.035654833501216406,0.08653761239781275,0.07097500206987463,0.009724349425733686,0.19239276269243494,0.01854297029542853,-0.002719865039346901
465,0.3149256145411817,0.0834760792495249,0.005378350451136053,0.11107562302019217,0.010759401394673252,0.18840261016621038,0.010538590126927412,0.0010578462369197393
18,0.6020625606630164,0.24773613196072244,0.15052183470307132,0.2701160765170493,0.015456197349450376,0.07033098290923247,0.018700615688129134,0.023606634931807733
448,0.6879688471689261,0.03206905180190126,-0.013142404899821564,0.06630116935243453,0.0069032491117646845,0.7225075043515643,0.011846096131977794,0.011907941933921877
399,0.7436390371028483,0.1590594248331367,-0.03869050679461986,-0.03016106943602628,0.00026193720229744703,0.671614278019283,0.03444230939592735,-0.0045935798161757585
87,0.3381295827180546,0.10850859679880294,0.02901638501888722,0.10861768160524751,0.015443562364055238,0.16060156440279102,0.016389585585755217,0.007975293300630518
445,0.3577199774002746,0.036236997807984596,0.0954759525828535,0.08438208992404343,0.009604921280797532,0.17017014218529994,0.006145441158473282,0.005666990846447245
595,0.33517853474670334,0.13849565495298652,0.011665454311530784,0.080603167197834,0.010092581931430993,0.17556755147470424,-0.003110719826357411,0.0056797751886845235
525,0.31989068303310747,0.14763456176469644,0.022941149119561056,0.05948471466989549,0.013903426288204422,0.16794360430466335,0.017992086440860904,0.016038349586978664
387,0.7174136308082705,-0.06491353264717258,-0.1324626674275114,0.12564954385515148,-0.01378865385251307,0.8273782738718094,-0.009125045289822347,-0.007020112543247165
168,0.8582863418714041,0.020567823636061272,0.08159378022590232,0.13179967391327954,0.1002242841914928,0.4254354611885831,0.015530809389772027,-0.010038700319086493
51,0.3580874438787124,0.09972311957019968,-0.008655743461549641,0.14602060720103957,0.011645063330922042,0.163479925716243,-0.003299555151960128,0.0029732873929790415
215,0.3565617250947678,0.08607499541972338,0.04148805700446781,0.1131533562262673,0.010615036691696047,0.16071044704946913,0.0123007232733324,0.0009147246656398334
589,0.7170271423458505,0.05968795614183086,0.122231621142701,0.0026886585112399883,0.013077043931791642,0.6397796681828043,0.00015826394123924365,0.02157866621865649
594,0.3225980893841691,0.23071267291901537,0.0227960994872263,-0.050715250305170725,0.002501042178855143,0.1834930923516504,0.000691508601867879,-0.016573570585621148
186,0.7749034914029844,0.05652428705190223,0.09258707141827811,0.1329795280951384,0.03266983291103096,0.5030654284954265,0.0016463936628769592,0.03042784489482032
552,0.3603489644816411,0.08056017807439128,0.12273683951990491,0.043783214547875475,0.013221443333833132,0.15382787405410345,0.009386848221826892,0.004141454024765675
193,0.33676926732330126,0.11515545603260419,0.017145554488634775,0.07797649479345065,0.009999567317754029,0.18605778317514182,-0.001910566691843108,0.0080452088980229
529,0.35457368853904053,0.1345871387646359,-0.0014669436798580675,0.1035980410296221,0.00840756217529236,0.16810430019771833,-0.004072547717549835,-0.0005703349431284985
30,0.5989904317382344,0.3111235499713592,-0.011170463106385893,0.4120041533874858,0.0019935246114733494,0.0633742399094519,-0.01093162642902808,0.01218549522383982
66,0.6556109757804496,-0.02654290747503526,-0.020778816577245587,-0.11007296639947814,0.03594108720436126,0.8768259794248423,0.026624747481330657,0.00305170727845165
197,0.33198979479765217,-0.01190117109040518,0.10091271966318122,0.14207187781439592,0.013595926197081663,0.17260428004208786,-0.006174529534998656,0.010740608079680188
339,0.3296922185724348,0.09869906569601,0.012956698524631997,0.08290569904674731,0.010047925744243869,0.19527858883069105,-0.006582690103199245,0.008161318002019507
505,0.2892375086336321,0.044493875524619586,0.15263545579363336,0.002658919904421274,0.01825680409427245,0.18761889106376586,0.018034905086291558,0.030488909213488746
429,0.3328737477664948,0.0339578546371105,-0.005896481406249879,0.17935080856665,0.00011452652493047671,0.18433421275848996,-0.003316827742740785,0.004671225761647496
439,0.3375358204568461,0.18495735364296706,-0.004117228043216477,0.03062503967762579,0.005950584790875233,0.175491527333328,0.0053781226442352545,-0.005241796054951684
523,0.33181430620391394,0.11554334027797372,0.05636358965019245,0.0529361201690756,0.013891062860704483,0.17020166553095117,0.019610711800313017,0.01765526564034681
583,0.6961070505754893,0.3076276825997522,0.15114956793328513,0.2489235852376785,0.010346100838981373,0.09630523910008858,-0.003868799337543477,0.027146093380191073
479,0.6064313305060473,0.1514937102363805,0.10484006537424415,0.4457684672041343,-0.008341326187377538,0.05505124237133533,-0.008036448138597198,0.013022358206346786
596,0.6216478394654358,0.2826093977014852,0.09739722619903686,0.30807091034413536,0.01092249906644458,0.07995096056665571,-0.009585599936563967,0.011545618829752214
15,0.33193990511715415,0.03999676966797269,0.005642048253786189,0.16928122306296553,0.010294002456814623,0.18242003736395251,0.004951643987358258,0.0036360998686142463
269,0.3396409249437772,0.08243704895742275,0.041185277494754105,0.11504454877095315,0.014432306409997521,0.1725501117852989,-0.006589827549874294,-0.0010409538271920955
568,0.6426745026230571,0.5357014117148378,0.1559750250014303,-0.014052292817619398,0.0021929522036382427,0.06814637205893756,0.03373120336596626,-0.004106773064256562
317,0.3195367279454484,0.09054396335247739,0.04339259963700557,0.10774812908679546,0.0179004748763085,0.16425996370055443,0.020368712861440517,0.014116381989507949
340,0.6354726117495467,0.27124556576130426,0.0868120608757972,0.3803706185944022,-0.00245147682838697,0.05988054500100526,-0.007530135986538199,0.007374236107641335
345,0.34411636531425216,0.10425161148489528,0.10229196975545066,0.04958365196126364,0.015105394334650715,0.1445750743525516,0.010583813568384276,0.006619466585464855
233,0.30591244728630207,0.1489434421544268,0.04874935821817472,-0.015904367447522393,0.005356447798244936,0.19905749948766085,0.003417006958882299,-0.01941108657434654
135,0.631068019048137,0.2845709946477745,0.18293208089625212,0.2622827310541299,0.004532892661250817,0.07564018114239227,-0.0008155260752303748,-0.0086368445407085
437,0.3312680191594699,0.1185596726146292,0.09361359345200283,-0.02317148150883836,0.011807136625966918,0.17871341692730192,0.005877087646577929,0.014975879322568173
377,0.3281900797578222,0.05403188494007492,0.00836979299805473,0.14054825698452944,0.006577974047755216,0.18502067189216478,0.002195002465745683,-0.002770376316482531
610,0.3346810856347194,0.0738746158059246,0.023435790316752397,0.11338802298128091,0.028176006870294194,0.176797839992295,0.015351860280204268,-0.0029125414005097606
490,0.3297983897042941,0.10574814139741978,0.05736157094914671,0.083797854233998,0.016805642454082153,0.17001867171740215,-0.007641319332049603,0.011906615826201061
532,0.764432723291392,0.13099879838648737,0.09347284801230492,0.030251987019291143,0.013905737547622466,0.5385365274335023,0.029663830334972125,0.011646034904724309
554,0.7027636661270535,0.13941221866903783,-0.03193235257483941,0.009538210066566672,0.03528657534838486,0.6654949863774486,0.006992120958886547,0.02767177213613231
108,0.7075088884901606,0.10088740745005198,0.004149074241031899,0.17276870080427,0.02228838579469821,0.5767703417381103,0.01356735076324666,0.023008936004787196
574,0.6249713183137506,0.3373584957068502,0.12653268332028658,0.23735585405199403,0.011123288974049784,0.07975923164081558,-0.004631851375519149,-0.001111147017099233
251,0.6401050544562373,0.30402000729947554,0.21344185782532082,0.17743283890485667,-0.0012959346214106433,0.07520670081778762,0.010538834529033177,-0.0014886200345033307
104,0.34608611820326735,0.13734848125514282,0.031393258858882375,0.08488676971142209,0.010813524391813012,0.14854412532167544,0.005877203813010891,0.0034457936044133323
514,0.5623984074820378,-0.02559120567601864,-0.05020257162912778,0.7364519434251976,-0.0034011494864656347,0.04971180767521585,0.021290087678199475,0.03135230641965271
347,0.3662965202012202,0.10641462593925823,0.012524152057455416,0.1299612495935684,0.011977174110611824,0.15165964719681038,0.011444026003901271,0.0056589572587183974
450,0.6675201404946214,0.10118049837753214,-0.06177246773469767,-0.09831168232409168,-0.0030104093572330464,0.8417244617300094,-0.010503385663143275,0.026394006246555683
358,0.7052633516248329,-0.029654537020341164,-0.023903654396836043,-0.07094888574364523,0.13423777048071567,0.786529328373358,-0.019311681298206044,0.003954616158346494
227,0.3144556494281321,0.1187166813549313,0.06558569878363789,0.03880071705767392,0.013236956832915744,0.17263316776750204,0.01798820618027153,0.011612960661761292
25,0.31764789623027245,0.18921882418810806,0.011966269552470248,-0.002181967686782939,0.0061477916429206105,0.1850468742117278,0.009736712853233485,-0.003405364668459117
136,0.6287285249984524,0.4197581466161586,0.11739402091068214,0.17882011051561497,0.012050574700990824,0.06868206074062178,-0.004313855571752282,0.005695840855487121
49,0.3483473081336572,0.06829499267759212,0.04087865544082539,0.11443506875725219,0.011487758894245338,0.17163295667649825,0.0032015091739498996,0.006422618793302939
296,0.31807777422548034,0.21719960205302566,0.007198452156205976,-0.016186408985983475,0.008896414663354044,0.1746540412763173,0.01271003192796697,0.006280244006234562
241,0.5644639390253731,0.42993437290523184,0.05241066016810533,0.16956665454915001,0.0789670610532152,0.06291015048410933,-0.007127578562905784,0.012848149290703005
174,0.6217058241574721,0.38177833248003745,0.11804545661916944,0.21413487508216159,0.010053207545302718,0.06864138287659713,-0.002656881711553237,0.007984014835026951
46,0.35837003958617053,0.1332140047596252,0.0005171548553465882,0.09229073084798717,0.006197023580639434,0.1676451787732004,0.008108804739735284,-0.00034557854262965077
404,0.6279262875564753,0.0076373168704073945,0.09820987225192455,0.5389309818712781,0.010929751170897603,0.07770627960131923,0.03775249302216929,0.014260567162543559
203,0.34124931494132915,0.048778354566746764,0.11361979311874705,0.026576333234607022,0.009559258820743708,0.183337415753689,0.006031872629450533,0.009170313990928372
303,0.3263447539573892,-0.03448495605469103,0.0951112126134176,0.15136463122558547,0.009346158288562658,0.17101326005132322,0.014546955135980588,-0.01161273134620541
548,0.755020124545983,0.13450308254418591,0.08153339631062667,0.042851955023736475,0.017451511225720924,0.5467400047987294,0.019393593719940053,0.015896975038156968
83,0.6373372994431642,0.24934801212379226,0.06428455025064196,0.41605445900477545,0.01828432648693663,0.07885265522068241,0.010873707655977588,0.046450893703067354
118,0.5921682637793142,0.0013471896654476678,0.3056802805881001,0.3784723233021056,0.003976257813927868,0.05869829356639518,-0.0020143938357079652,0.018198461389174435
462,0.3408761642204215,0.15341778240753803,0.01657602064129665,0.04902175794270641,0.010757387340284853,0.17095370891359218,0.004436684224996737,0.002048162059958582
166,0.6195446044791156,0.41487878983180965,0.1277624513519118,0.17217317584906522,0.013655082067209985,0.07298633937060846,-0.001442907788835508,0.013927638691858719
564,0.780365309483609,0.010656159608937227,0.0489084096773095,0.20438595871885507,0.014006399533355196,0.5446968348780751,0.0021665024646595364,-0.014684613867604779
189,0.32368367316642527,0.18702265402341364,0.017127263555747757,0.02610205284492504,0.024041406665068828,0.15984950442494542,0.013477895066650052,0.005744528168760885
557,0.2867790863887956,0.13767612792476883,0.03495444646483522,0.012206690317548995,0.012086261934366183,0.1910148688809859,0.019059143016387902,0.025856120963231588
509,0.34822002322151296,0.13745887406544838,0.009540156231481316,0.09558709066871565,0.007711664896109345,0.17150110324920828,-0.01102248517474931,-0.0005449050549114087
92,0.3414008313154427,0.10205250698627925,0.07368890339611517,0.05576201197123761,0.014980765856024222,0.16929085884227504,0.016059493386418783,0.00596977035616088
261,0.3172607919903126,0.08563353732762392,0.09017174498034271,0.04336690422551331,0.015422391408825602,0.18006477349778402,0.001482534120344386,0.009961780036656754
138,0.7556370591317922,-0.057178552997118104,0.05076334924300533,0.19834887670378434,0.01669952064600393,0.5744675398399566,0.024605993632751854,0.030084319631608188
56,0.33177729427910607,0.051062346554702716,0.0651243415324507,0.11413605183304,0.0165405793186819,0.1656372887490788,0.019771789383076024,0.011880544759620604
464,0.7279456453855281,0.04374608654900124,0.07182858698409744,0.03215885599779658,0.016501456877934147,0.6338819919218159,0.03730309035298429,0.005932972752725774
88,0.3162085162309624,0.15944831082540784,0.02700661370201484,0.019842756512984214,0.007373990196880831,0.19032474975034785,-0.00752167997541736,-0.005102545692331358
401,0.6530238745031186,0.1819542310892509,0.14246335567590998,0.3356447783158246,0.0455484977658633,0.08785615421398722,0.03811876578505729,-3.978323162559627e-05
528,0.3484286141684589,0.06132967599160255,0.08815645802089093,0.09837096039527246,0.013926422715950812,0.16592087213292192,-0.007345114540706198,-0.0010603068531798282
139,0.6353016614362769,0.25242901446450056,0.009068425468702977,0.44884382264928047,0.0040917031097364364,0.07022102610021386,-0.006205622913982683,0.005660690703281875
291,0.7050128182223176,0.14129640351137626,0.08358696689866169,-0.011322564192062318,0.021103749176576453,0.612954710117378,0.016088178952066545,0.018293649974666783
288,0.3466875672155052,0.08139435112508227,0.008074288222618636,0.1445653314587391,0.011057182730462899,0.17190164209248757,-0.0014762264339040888,0.005971064782127361
23,0.738530180860711,0.05299950630774686,-0.08440135393938772,-0.04355235714666775,-0.012679026050970953,0.8221438898387378,-0.02328822273926846,-0.01371843954143657
164,0.3452222278824494,0.13025549916806717,0.013323268492549629,0.09939739643566398,0.031451391860939336,0.15231052017699298,0.018044993462092835,0.009108119689685463
578,0.3187158971006568,0.009521371968418122,0.09702836458421589,0.12021976335600176,0.013645305982987826,0.17463583331945373,0.01810208850952857,-0.005257443824326863
559,0.34664355944206743,0.057721001961734145,0.038366373782424905,0.09341970413224222,0.00893662937030204,0.18669762487016517,0.006216191042065443,0.003390708085400996
128,0.7104342529961037,0.18012718202803263,0.015462112785597558,0.0860733917194876,0.01586815067625204,0.5590432022662167,-0.0018038987506646524,0.009479696883456828
346,0.7524222212990486,0.1290537936275861,-0.14799271192921234,0.010666788083218698,-0.010079992205684634,0.7448951762386599,-0.009294643755870193,-0.0011224513688087045
240,0.3815792129305874,0.14187512355884202,-0.010030752724691155,0.09472469219214333,0.006230653008632303,0.15652574139529582,0.006717805242539819,-0.0008882960478308657
319,0.6151659551012357,0.30932068464935064,0.09910524992619671,0.30399945941875045,0.007834520705143191,0.07375359904730257,-0.011766247550245813,-0.00028079840676367815
410,0.6481537675287172,0.0901094646857662,0.08808688941414211,0.48094913799075656,0.005702376348828282,0.07667462964934275,0.019016627610606875,0.024927874223072903
262,0.6125397882810018,0.3059024300328061,0.19802765690434138,0.13364058298773085,0.055730411684183016,0.08565538868624642,0.0238324292869278,0.01791403466720177
98,0.3464349820422274,0.07656803261494788,0.011657134079357215,0.1478736006018207,0.014710110136640838,0.1615576835435674,0.013579792640805194,0.006314464826976623
482,0.3180627092279688,0.06215871659807702,0.1434489629867795,0.00017383929517569876,0.01639810646904025,0.17754557918229932,0.011907914778132429,0.012653793796555667
443,0.3029844811202532,0.06176264639082655,0.02189712216218986,0.07874289302815538,0.008700657628737245,0.19803878323476384,0.004084598853470517,0.001699495300600142
537,0.3253137046656139,0.09337751459593502,-0.001432721350461017,0.1076828526034437,0.00945959858191277,0.19448685424437745,-0.009266160349988624,-0.000510006848086651
436,0.330515479891176,-0.015825220390353067,0.07069736731258824,0.1804773951587384,0.012157518726029116,0.16834909153625252,-0.0014230735019115275,0.009069424198294715
202,0.64548111381467,0.15564383902723833,0.05682201709342301,0.4794227729174952,-0.00953650830375739,0.0705197744838409,-0.011293830349455077,0.012896424741169142
3,0.35842452173556044,0.04566241479418432,0.07433447043675916,0.1329604058933616,0.014819851207998263,0.15348280091088967,0.014023314572907062,0.0069062302139900715
371,0.3193885786429226,0.106540447763968,-0.0023898995670280586,0.0942887633205183,0.00714616368351284,0.18240302577048217,0.0019083836680978206,0.002757908791789428
350,0.3197199975041798,0.15924054640586466,0.018595423211513723,0.017762680365736562,0.0062031094947987055,0.18815485733796505,0.010020922328890191,-0.005495070560396468
456,0.34229814727267666,0.04235065009753146,0.00863318906971023,0.16387563082899026,0.00844780705533975,0.176841183649656,0.010148100434420217,0.0017137626506754041
146,0.3456377773500834,0.15443874052172407,0.0007988509118190844,0.06239291868735918,0.007855954166337921,0.17382506855931656,0.01260160942105546,-0.0010242017223770258
310,0.32200341885108946,0.11967876420881413,-0.013280386483610027,0.09560334340873476,0.011863506010360889,0.18784853248906594,-0.006028111552603882,0.005653597007600971
19,0.3644544623321908,0.03710462226538174,0.09439931906556084,0.11815401188771847,0.014820865024139793,0.15352033172064145,0.012714999928791519,0.005856020788541419
501,0.3464795797305482,0.12176342817583317,-0.011165887355853981,0.10935262287511983,0.011141489387638266,0.1761061533691404,-0.006671655486929859,0.003131836470008069
260,0.2687781914965388,0.015126145883797808,0.11634612425330625,0.04432124918804193,0.01680406289232587,0.19899822141647974,0.02357881986007901,0.03546082801502292
298,0.6794495002489883,0.21965918941054513,0.18718470468863424,0.09491760541213669,0.21225307693199003,0.1005979403118159,0.028553796705242655,0.005873325061076603
378,0.5868460036729799,0.052050494440545984,0.18772184771371184,0.08898688960725003,0.3447798833170038,0.07311722575006095,0.08421901337344198,0.005532195541961157
190,0.3376731961155353,0.07438967363085924,0.009052225531607805,0.14335970794129432,0.009722895082340132,0.17654200077339693,0.003426122252226443,0.006249274336958276
384,0.6011790184177931,0.4649655872783446,0.1284517014972858,0.11193654150623636,0.007973593046476674,0.06454074702076865,-0.008867733623670868,0.01012203540245984
576,0.7004212298922832,-0.0320996488333993,-0.009123622628183019,0.07657849815449246,0.002849444923593595,0.7529345994448629,0.0029001025402611465,0.017255165815664598
196,0.3478030667022005,0.08542557678293437,0.0951294628126204,0.04829214524219703,0.011370667655861756,0.17690111195113026,-0.0035181652921008797,0.002849466044762919
140,0.6067815970862434,0.330028541639963,0.20888240529327884,0.16612053960122766,0.01238182102138143,0.08295238739218243,0.011915180460480256,0.02717213578232711
82,0.6155712555674974,0.4515788949307497,0.0005770861741309329,0.26894964031251617,-0.0006007811091290181,0.057751820765513225,-0.005409214514564127,0.026362434623945583
502,0.32392551856363117,0.0891001579139331,0.08656836482077299,0.02878542804645113,0.01129005871202399,0.1865121131114669,0.012573126015174005,0.0037728413380152936
382,0.31074890632859553,0.09174918858500938,0.006857278886096027,0.10285936734734773,0.01108392665716108,0.18708511384793203,0.01106310420122994,0.0020072005687992002
84,0.3409994244105655,0.0687713550111362,0.018435243278459364,0.13983793092918909,0.010155519999575324,0.1761968914224637,0.012052228186840581,-0.0028641090499263206
334,0.35888071313659947,0.15346714258092944,0.04551405215553006,0.03455444772003619,0.011375635656686235,0.1531313416311771,0.009435417860012785,-0.0007169279295001524
575,0.3454835472443519,0.11791759509293663,0.009893646160786905,0.10474148684102869,-0.0005506801861462051,0.16580706825372338,0.013364003685463133,0.0013537975742276295
179,0.7600020745791625,0.07326668518088042,0.025567255778329648,-0.019821813364655588,0.13930836738669372,0.5658939818666909,0.0522934995315929,-0.00014692338181052542
99,0.33861756117147623,-0.025635692893848802,0.13581417160479603,0.09901048074678657,0.012355188735151092,0.17102572154139634,0.008810554091556915,0.00950251227260654
451,0.3295249986395011,0.011767578183931805,0.050221370978740534,0.1609436926514986,-0.004930011383706825,0.17631998861629308,0.008120074392380206,-0.007275023939337077
74,0.35920687633655435,0.15810393329282868,0.06352367671044666,-0.0007305375060074056,0.007891979338427184,0.16387594915518944,0.005762028566442293,-0.002360593944186425
7,0.6912551034965145,-0.019376663593838186,-0.008243642286560958,0.061383387125934954,0.001720990616649168,0.7554566013672515,0.002775010904558186,0.015038038924746462
402,0.32046584573372605,0.16020999451332346,-0.009214093649576307,0.08395847167699443,0.01703851692698827,0.17340708061262503,-0.006958120401770527,0.009112930790392795
273,0.3241710475420803,0.056491384795606066,0.10988497893796954,0.044696395859478384,0.012669593940083138,0.17608842365590308,0.0068568655146336276,0.004989992488105223
279,0.35181899786225196,0.07352213214948557,0.006893380999588966,0.1492823071824288,0.009903313621851064,0.1669007465548958,0.00912884257438818,0.004224998811179932
154,0.3494388206220666,0.07967696468516289,-0.00509560437080274,0.1514662662937756,0.010192429243478471,0.1727166703115771,-0.0021961550781446804,0.0034456427389160187
586,0.3325147457661193,0.03233909651602077,0.050189690732972185,0.13446935807093005,0.014816222892789324,0.1711221638191709,0.015989117649259758,0.012026169189499865
191,0.6362739267567691,0.3552263625145821,0.07861153443969653,0.2273872051092473,0.01177362638171691,0.09280063963350062,0.04553335388724886,0.01596484489940668
551,0.32345256261907074,0.11675848944291502,0.1353666170379527,-0.02609521260327945,0.012756537726150591,0.16823330981038495,0.009574120580878065,-0.0026309464239203757
592,0.3030401652674009,0.16192365910142553,0.04519607898158788,0.004417008346844883,0.012636750521330946,0.18245630995545725,0.0032175416503429934,0.02262950927919373
555,0.38438409563464615,0.10844178148737914,0.062370233042537096,0.06675553549647907,0.006635821914022277,0.1531250626091813,0.008275668014318048,0.001485682683272066
50,0.33515113141462655,0.006790359477479121,0.086125781272064,0.13243430169671785,0.014058018163240428,0.16643208892229658,0.01516471615682583,0.008659097201553657
38,0.33118968425129774,0.04958383903448007,0.026478060958350758,0.13155003828362868,0.012972678198101256,0.18192530866477277,0.005308615892340463,0.011737471465299874
208,0.3396944668008638,0.07723671375842626,-0.013890433751580703,0.15086398558160352,0.010857055122390715,0.17585046652439443,-0.0003443384282422187,0.006155375651467411
5,0.3303973072550659,0.1162702434341523,0.11029388779903657,-0.037203843485615756,0.012316929245047455,0.17975806695917676,0.013209497803760501,0.03310380053119145
75,0.6310371729038353,0.10524182321074092,0.14472694913998227,0.16797786284177976,0.2700843495029769,0.08689553022946263,0.06087243284252589,0.01910926807785085
248,0.3495120833706432,0.05292412032742385,0.05544550219261882,0.17378915351904045,-0.06851057796451294,0.16934371456923797,0.012173486330258396,-0.0036139754434420046
47,0.36310354555002766,0.1710565795702045,-0.009138778576037194,0.077507966905179,0.00689995119199446,0.15449542370635252,0.001461094624529569,-0.002325795308589912
302,0.3197048967915709,0.05076806228113943,0.006327347231787097,0.13328030712835856,0.009685822903699933,0.194333768007004,0.014582674051110333,0.0012186975214367784
70,0.3411068535759387,0.09507998949010578,0.14977918269763432,-0.04036775546899492,0.010465298159706588,0.17608866654935368,0.004738190429913611,-0.002699777298387479
598,0.3357728659863585,0.1497929612434984,0.00764955357088986,0.052676871389939595,0.00759143716403777,0.1773183832867099,0.008115572565942104,0.001295596682697112
591,0.6802077342279704,0.1999447575808701,0.09289169450436825,0.37124022512270227,0.02899286056190058,0.08916649498173085,-0.00772956056139317,0.0019263095064817213
225,0.6219444120914925,0.12259895147272444,0.15694326165894593,0.4301854734388622,0.00019880602631656825,0.0688695563806088,-0.002317137137702398,0.011001931259403545
286,0.5628985530838689,0.45462892156756207,0.02542635947313447,0.04743056747392988,0.11037483166427837,0.052406979049972366,0.09581107765517845,0.00027438662313071705
11,0.3551073983272339,0.060473444896558044,0.05609389192671657,0.11637878663346188,0.013223718385531708,0.1597654813949047,0.013441732606958197,0.0016099158942957299
522,0.37061411215713985,0.10161396512424184,0.04261384702673067,0.0890014617056298,0.0087308940916969,0.16045480697302736,0.010321325707022135,0.0030615919858317155
150,0.7150132492912267,0.16551353830764617,0.07963427125809536,-0.03312321239472311,0.02315522424285461,0.5913551384667669,0.041930086876801845,0.02666007867213261
397,0.35413167911052085,0.10158137063356006,0.03505579941454542,0.10072221123921407,0.01356718028523486,0.1614577411862565,0.013856985362184646,0.00502997335353243
115,0.339978169060561,0.1821609907445826,0.012659206850597123,0.03617490760393493,0.017020579019364726,0.15776297726903515,0.011605186562687731,-0.001427184586711764
281,0.33975371691574446,0.0785132500942003,0.05145400243750367,0.08884802546030274,0.010188090351777472,0.1785162025319817,0.012434740111852928,0.004309942120753762
253,0.3077124364653665,0.08847985330080414,0.14819958925963175,-0.012967773560785394,-0.017724461609317118,0.1731492424258882,0.012185597812377966,0.01658488549791537
195,0.6161559172524445,0.028315934618996792,0.18228913891526002,0.49964496671665765,-0.004414479841110612,0.07072599404069217,-0.006924362738104793,0.016122366582399426
570,0.341480439651567,0.06007251531164098,0.09366037986001137,0.0459763342122154,0.00867943085327369,0.18052109938463765,0.004998673288817191,-0.003963063117537647
65,0.6197594966776263,0.058453686283767355,0.06708972218541102,0.5504970218547383,0.003540674424291586,0.06971055458639562,-0.004354144202793877,0.038923310360742244
434,0.33257533150248375,0.10514247677214443,0.011555016241576,0.11493944228767133,0.010595163179742762,0.17675618602850326,-0.0025369692883709946,0.004651128968758291
403,0.32156788986539875,0.0026980468711340667,-0.008349975306335413,0.205712330454337,0.007767071758630792,0.18415129890365436,-0.001878231689816634,0.007025543701148225
219,0.36016778795076754,0.00595794250117614,0.037238243836299575,0.15604216467367316,0.007025637237756712,0.17644925922626994,0.009850809411496728,-0.0003131907376791392
362,0.3650820055334557,0.04658989212030707,0.04960013552549353,0.09974123097314526,0.005796525471044502,0.18408087941550125,0.0006577298170327658,-0.0068217274316681375
69,0.7716861559765398,0.08502413123801665,0.06736948565486374,0.07133321107193433,0.01221779250949208,0.5552557888298216,0.010179367308726196,0.020413915181727818
93,0.3466875672155052,0.08139435112508227,0.008074288222618636,0.1445653314587391,0.011057182730462899,0.17190164209248757,-0.0014762264339040888,0.005971064782127361
68,0.3695405766782277,0.13652068981498552,0.0033094941709193157,0.10932904863251902,0.016783332464348197,0.14437945762284746,0.0131678393140037,0.00497668916855732
21,0.3237309451766015,0.1548576231008143,0.08412762508982534,-0.045240739694739934,0.013176660419628271,0.1805087133273133,0.015420202350460332,0.02853073540533225
77,0.6331197701059088,0.43040191413315154,0.23723012576389244,0.02390903727777821,0.0010142808072780213,0.07481372637054072,-0.013887760414969183,0.04586771558015777
577,0.34188168337539615,0.12886500808759738,0.030281245873828758,0.09116362075262344,0.015973576994387676,0.16300435693521445,-0.0037614494843175366,0.009967386198534677
458,0.3057875528225674,0.08810320853498002,0.011245192821795516,0.09716377391127619,0.010677547810483138,0.1921433865514392,0.00549446558975255,0.005350728487243903
236,0.6123918606583901,0.013657948511657372,0.07807905315848386,0.5839324941470225,0.011636616371731018,0.07348816780008892,0.008369510879575047,0.04373707384419525
457,0.6341549364863153,0.17667523612864122,0.21255807718182276,0.34367133269511224,0.011587968283486473,0.08238245375127666,0.007990034368367444,0.013738896902864325
314,0.6184879006634768,0.4718555210013213,0.039985975241644336,0.2001002501229254,-0.010167551522980899,0.06186493772392972,-0.007420696646175368,-0.0003561346014723723
125,0.3292361866577786,0.12171666138033953,0.012029713020030395,0.07996111079731094,0.010088562874584133,0.18595875506274434,-0.002579415296023431,0.003376428666085879
228,0.31104958988550807,0.15030629165848955,-0.005384920643541503,0.11394468951035835,-0.08010102044215407,0.18758548039074413,0.001330787568586484,-0.006344773705374855
415,0.3468835864481985,0.10429339217570481,-0.003709578909051736,0.12281683142385902,0.011049657559459835,0.17472705866833324,0.0014427358021688074,0.005552063019294174
42,0.3112550619192148,-0.05660455202240618,-0.02013666211414936,0.19018987750445784,0.007556271925282865,0.20152801554180147,0.01964059976397391,-0.002566083312031151
4,0.3211773612865399,0.07488228417845758,0.0037185885965477553,0.12975691434677777,0.011512713556146153,0.1821110949986761,0.009423941521636656,0.002647475247799631
459,0.5664959427132205,0.2057577183391852,0.13374170058726503,0.3389325523811043,0.011171556881241124,0.07275226099103427,-0.0012460856438080274,0.020759365488684924
64,0.7073171994051273,0.003244237300082146,0.03870674444808945,-0.10802273144758726,-0.003177004091230633,0.8140071161444664,0.010967969927316669,-0.004015185638184031
488,0.3143976216316679,0.06317661063401399,-0.012881760614836027,0.16167894772160524,0.007639702053919248,0.16899773019842065,0.004525967934926582,0.0025400650483747094
109,0.3067441718515505,0.07619637244515302,0.06993378573671724,0.13534628791219785,-0.06608362432270432,0.17708831943801762,0.021137758785622095,-0.007528236589927998
255,0.2982635561073119,0.1504281623158262,0.014763335484071929,-0.014252756855750618,0.015647979078214306,0.20395135293764088,0.005559499179653802,0.023602157243849155
567,0.6944884497547722,0.04764222422330228,-0.06608987468025553,-0.10955675143617945,-0.010809672795667755,0.886272075544751,-0.018995850414325003,-0.009601814960209024
205,0.3336405065697379,0.0353084342502817,0.009788494417855904,0.16103255846400102,0.009907058103492924,0.18610621401707028,0.003096405707978023,0.0021278507242629852
487,0.6933481769218726,0.46830828543655445,0.08497821532392763,0.1181622174621142,0.005830817198570344,0.08592750176633324,-0.01551375404530729,-0.019907292246744274
147,0.3225321014314477,-0.012093002604783364,0.050030950056761614,0.16279340623636934,0.007480882927650159,0.1800417031459439,0.010555458398175399,-0.01149319156080133
6,0.3282202793357072,0.04243773569716633,0.05064489116321642,0.13134760243344848,0.01628131243568623,0.16663809123283177,0.02123550303263794,0.014765624113665221
524,0.6565587442388532,0.2841452250587345,0.1394975285817701,0.29676099169805287,0.011152261184142365,0.07933772400207294,0.018186521893721903,0.01068779610371165
290,0.3587924081742803,0.11667640805182415,0.06077712658194541,0.05747397027056589,0.012512538431476941,0.162393197788529,0.0068570661657449935,0.0005087033701904219
390,0.3318580042412491,0.14931324667860524,0.011567417385450281,0.06590097448248922,0.00977404452052906,0.17476994218592762,-0.002314478887640941,-0.0011451581348003188
418,0.3042958865365744,0.006710961983584391,0.06714829571471988,0.10702966987249811,0.015599664402718807,0.19176168175683717,0.016794624746817532,0.02041384729225404
386,0.33150490693170276,0.023056185569872045,0.04825446507560293,0.11893753486501643,0.01409957708176901,0.18576301160602232,0.001465163466990568,0.013559747142185063
447,0.5902266531554238,0.5128977131325149,0.0839234210960175,0.1030382802491961,0.004142025805000503,0.05331580940063444,-0.004564868603393352,0.009487336712237953
411,0.32506573351344176,0.06869880379350682,0.008741318897557073,0.0831385554157938,0.0031595021848946354,0.19704873293500016,0.0036828606294880967,-0.011468739281006404
259,0.6634854706082556,0.2805577762956747,0.1031575997709742,0.33508479576311784,0.01641808558684171,0.08333198006982281,0.013720179020619928,0.016777972213230838
282,0.3311421727036585,0.01433194162929424,0.04503807151169397,0.17131445698197081,-0.01441936365898783,0.16850031760204484,0.014351676344990138,-0.01669988875781696
122,0.23500345539871803,0.2140685214191588,0.09201893911140946,0.11586360359016445,0.010892164540911523,-0.06035823947689008,0.0026713346261904,0.00991304293776898
78,0.699440448984193,-0.0043509911139014345,-0.06403685173397557,0.0672897562568748,0.03476383696098503,0.7565554694415293,-0.005645401993790104,0.016762202242802598
550,0.8227060973804297,0.10387278822129076,0.05726824706120052,0.1577205916075817,0.008260421547165846,0.46952319472535575,-0.0030323421832241307,0.001008768182007976
320,0.31518748071353947,-0.013519161306113824,0.05391715927268823,0.18013713764219683,0.016318641085671718,0.17350673934280086,0.016717530969065864,0.006845822160234604
572,0.3154248838915734,0.20461810300275418,0.023001845326416248,-0.018065165687730606,0.010574257747788236,0.17613515876964236,0.010789319531433503,0.022559912008000477
151,0.3381665244442229,0.03980375235078605,0.1673050887173608,0.03831292666271277,0.015024097444145519,0.1554679886949845,0.009349978202953082,0.00737743898214803
375,0.3630084614927727,0.06999515631234506,0.027510353597345587,0.1417804177429413,0.014700658413237864,0.15667593252377698,0.00818571597023533,0.00240763984085022
299,0.6415102015347769,0.36777206269101015,0.26136402957398236,0.07265912417630457,0.0010844181769513424,0.07674483189117991,-0.012849845018891757,0.036445143917236245
427,0.3483323274976687,0.1889794142218608,-0.005786535157816072,0.03759425472806442,0.0074369674900544675,0.16700488599034027,0.004322145630826577,0.005734964804889863
163,0.3355157129752905,0.10539118307033239,0.04588479958906656,0.08344446991054047,0.010772078622407453,0.1657166349487045,0.006868800484121381,-0.0007411855928036411
499,0.7592951422585776,0.08588400422616496,-0.024505779717545965,0.06321689624774564,0.009900687053543966,0.6053822141165204,0.047151594539682845,0.016526579000536563
396,0.706091089030511,-0.016191462980141447,0.08688808501717342,0.015120848996189065,0.008533960306201686,0.6980726962898912,0.038287385134027775,0.007414364821255808
325,0.7514918220777104,0.01265168771421387,0.07924112482418122,0.06624091970745119,0.007787934948246198,0.6504461545350285,-0.01362361001582759,-0.022074885468949184
265,0.3451503734171062,0.05859076720053731,0.07216032663466383,0.0961697060633206,0.013168599676110006,0.17199763177377037,0.004217274497720485,0.007388348066254394
531,0.33324077150088144,0.04881737743626653,0.014757899800205856,0.10490996588508684,0.005866089551828257,0.20012235493558278,0.013433809151042468,-0.005782209844009929
478,0.3583968388404806,0.12365231398706603,0.0313589535534618,0.05843374035637573,0.007817457817403605,0.17159244476452062,0.014570459980452711,0.002015140619919611
513,0.5694073617052194,0.3457602389999133,0.16940942101925696,0.12803085012345639,0.08435699193992051,0.07245524906928065,-0.019235347882560323,-0.010433975465166346
301,0.36179536742379265,0.06254103843256291,0.05915241681698907,0.11668470716282835,0.012285730260215347,0.15740208738708925,0.010211098848763586,0.004003986892322864
278,0.32894568498248683,0.17086947316320028,0.02146571020355263,0.0400208493099895,0.009341602150545561,0.1707841632504684,0.013393745309591705,-0.003830310531884097
143,0.37542328117042384,0.046941152257563276,0.06466634556454226,0.13408934598720712,0.011227532506687047,0.15087488712243485,0.009329425796262093,0.004281067973234283
438,0.7842847119722973,0.11201431267007057,0.0581470853510085,0.09338847044834575,0.013827575642150232,0.5086723084931477,0.03158307028425227,0.010318836426317554
442,0.3434650986674884,0.08768349619565477,0.07679630418153295,0.09573665872269307,0.015570203388415069,0.1543897876851753,0.0073841811612201935,0.005744024277999982
199,0.6340255203681058,0.28816367542627913,0.12464617213198066,0.23138099349395572,0.01869607765397175,0.08580436685612963,0.07650620793417354,0.011602457405842627
41,0.3370498642168651,0.004128280449545348,0.08204233653964753,0.15328761263919763,0.0122319452017894,0.16671063792449628,-0.0027311648650911484,0.011406194971809913
430,0.33127120272935057,0.14287941556154657,0.006598927756668686,0.055410649245443276,0.009387582936798625,0.18287453626963443,0.0016170774794503294,0.0031086801248345957
553,0.7597770977918824,0.17359127531553195,-0.0316364042548415,0.10305613819810601,0.008061607977574688,0.5681935974855425,0.0031628921326177437,0.007595588982522068
547,0.3382694510442249,0.010602697402675413,0.07356187917339212,0.10014764904485249,0.015434905701822833,0.18527326750287187,0.00513882280980112,0.00556987872586487
364,0.35168621220934443,0.13626424713409846,-0.0022953672464487585,0.08862479883594607,0.00854831515826529,0.17269297839388842,-0.0026732792824499026,-0.000473402352487904
231,0.3320537242060579,0.06497318788209694,0.028309815514428457,0.1194859113350197,0.027898028139674076,0.17660796822072616,0.01487187264876123,0.005872842291485195
245,0.5657509214729103,0.574389762641502,0.0770701099724991,-0.01436346950091028,0.05022141774704492,0.07661310368225267,0.06458704764187584,0.021331814057430145
313,0.35097583830808926,0.18337140725887505,-0.0008725200427829651,0.0726319925252785,0.012840465710927862,0.1408617419099282,0.007525611530275809,0.004404418621099064
167,0.2977263148349277,-0.009754834816763716,0.2206499910204855,-0.010219455288656374,0.014877042809352217,0.17663302848847498,0.00864693291651019,0.00470542847853001
332,0.3326924684007721,0.09481819410137624,-0.014066934314128006,0.10688775975116126,0.012781757911326517,0.19371662402604262,-0.008705462694824695,0.004803183286130572
494,0.6996263676179006,0.08110161473152082,0.07266603381607883,-0.1175819088009623,0.006754725047028095,0.7567049997791325,-0.0033329778942217843,0.014013526419445166
466,0.682311604080934,0.09950127185648795,0.01872350651002724,0.049453566677601334,0.06126269623678731,0.6391489372551601,0.008994447063469475,0.02455208486461816
263,0.3646823086428067,0.1100062582025569,0.00048759879577962286,0.13306743892904335,0.007864808462371725,0.16371762788506125,-0.009189870685337305,5.8562968724032603e-05
29,0.3480645781866954,0.057435167664672,0.005950091460699013,0.16382377684892915,0.010139600672305068,0.17308712808335885,-0.007251190208080876,0.002420995963322083
238,0.33239998576913476,0.1389074257325363,0.009946341970322771,0.05949415281540367,0.008287382720179872,0.18954359837866655,-0.009655358633839308,-0.006402082981816706
250,0.8136347422269256,0.1504981186469029,-0.015033568780062933,0.16643724248768269,0.003593671964821983,0.49283887347646943,-0.004656682327712083,0.0019908090325225815
162,0.6179780048400806,-0.045930861842687805,-0.06170076438116293,-0.10901559991483978,-0.002702666372659679,0.9993691679924723,-0.00863193839473802,-0.001419443678047701
149,0.36725367680399545,0.05273049803959328,0.026616962821672394,0.14798639669949754,0.007176713946706716,0.1660689903694708,0.003674190389360967,-0.0009225998445964469
226,0.6165540168161556,0.25242021448004587,0.13762570414962189,0.28390625411108494,0.015722966773624496,0.08414897557499666,0.014484496820117407,0.026431303214786924
353,0.6650637620154394,-0.011785965670737126,0.10193106026098997,0.045127866655659356,0.028149329324414968,0.6956631902428398,0.01713285161376599,0.027559774116936
533,0.6863622416946844,0.1953882952029838,0.07703982674123522,0.36658742003826933,0.014164090185704777,0.10344021459832477,0.06568381868574208,0.00746531964295341
94,0.33579571318041823,0.0926066960021607,0.024224973767507374,0.10590649585795767,0.0249186412546411,0.178643529994354,-0.0023214820640234013,0.006232817928517815
612,0.3391725719363268,0.18442342707029075,0.003696630123422563,0.006306429730592866,0.005841809258700188,0.18212658586793404,0.005823939240550365,-0.005644106059168687
221,0.37146876335175044,0.04826753304497495,0.06487654947917611,0.13227386680097328,0.010395992058923125,0.1537843961264499,0.009111215449689061,0.0017556051963387683
85,0.31369171950690666,0.07186099138425232,0.11127727889575137,0.045684522624152055,0.016797560589394227,0.1714495147924224,0.0024889593611800193,0.01374380757479979
388,0.325490906352468,0.06604599846768919,0.12181879128736055,0.028070811376368875,0.013137536470225407,0.1718079138850086,0.01076937058673167,0.008740268873696172
187,0.3064343199828476,-0.011133543301897825,0.060595000245005574,0.13073388913389447,0.012256134975619093,0.19590475758569828,0.01108526030815671,0.0031017131561714073
89,0.3377971589078525,0.13938496330830397,0.07894079235283306,0.00960683123799264,0.012177161413771499,0.17505056709736957,0.011079786907916325,-0.00109901893977515
475,0.37435050494521843,0.1341503906933607,0.07191471157051464,0.03332324194022214,0.008900365830727102,0.15217440178209568,0.007091298428126422,0.0024407427482576608
34,0.7027392998098031,0.19279089975699745,0.22530019216643582,0.2746472372423914,0.018384495142493417,0.09083902760066163,0.07137065287104306,0.009067689245076541
217,0.362481212442527,0.05788580893958927,0.07173771466048141,0.09388022106260974,0.00831779720442631,0.1712445021595491,0.0040098796986456735,-0.002827810811287008
72,0.30898850548756557,0.07339216303225644,0.0018973282444591437,0.06498905893240817,0.008204201519614015,0.21284760919222265,-0.017674537198965966,-0.0015445926426396483
305,0.6824100589044421,0.29582146474466386,0.16205412305748607,0.24968651658325625,0.0037170603290608947,0.08508251618545398,0.018004062144032922,-0.005614041582875729
220,0.7045642101216812,0.054982403953593224,0.11777842468903005,-0.02242088040035123,0.015097455792185426,0.6755103930637594,0.007349326705389735,-0.0008228656816717822
453,0.2755389608927419,0.2074011037440468,0.12497075019739243,0.10720391197855161,0.03083102841026641,-0.1131239329283378,0.008752077116166353,-0.005173328766332864
534,0.35479197921379363,0.086667682594925,0.006990399583562967,0.14247264144726612,0.008775070526602851,0.17113568438503476,-0.0102656668991202,0.0011293444133782372
395,0.331943843630299,0.11897007504411898,0.0111897799246542,0.04333965188208933,0.010816995806904834,0.19354539017800435,0.0052218154284954564,0.005773921293590815
394,0.34959590424091763,0.11169297519553958,0.045366305048104384,0.07982684804802986,0.014194622345038965,0.16296065874393492,0.013923619635011745,0.005784681020854963
110,0.3375437843077685,0.17371906593498082,0.0006647224328304646,0.05429357924892163,0.009571139478652478,0.17229832179634708,0.003646529200439399,-0.001509359514411015
367,0.7196247210780214,0.09111605889595904,0.06354572872018037,-0.07715968636149366,0.010270232089067508,0.7031691530507533,0.0066106077634660405,0.011877445982307062
412,0.8424834137979699,0.1435376070270009,0.0596706594125709,0.06370446637908089,0.0026179071189930654,0.48483615131978314,-0.010335835950547894,0.008915146123493084
12,0.3155932848858285,0.13615402027583975,0.09254791276981086,-0.020467209927287646,0.014995763395106327,0.1811558538950937,0.014588637764216799,0.003934532943352117
343,0.34930278489530403,0.11962204481646649,-0.00888218804696279,0.10702725602454208,0.009796642663362764,0.1696817151379405,0.01110286329437624,-0.002293123876504653
198,0.3159551040684487,0.05324232432557683,0.07498003596874833,0.08729139073367215,0.014321114012556504,0.18198088751396105,0.01702243919094581,0.007892258439597006
213,0.3590832842423163,0.14440979214837998,-0.006657125630889224,0.09627448969443815,0.008314997140797246,0.15800405882499186,0.0050474254742547625,0.004469990800825461
579,0.32722071474954256,0.13688201871552855,0.009261963271855097,0.08224327278678518,0.017781610968332126,0.16859104509478334,0.004705419426600093,0.010079788537263726
234,0.3664904230065089,0.10285978222746495,0.06385745757119107,0.05341794835958513,0.010573414409658618,0.16462633452601558,0.0037190970132735877,0.0009997464252723043
571,0.7467279946120156,0.11347141690219768,0.06376992390102937,0.060734507078971225,0.014929454991753412,0.5495584423366721,0.012304582412752159,0.0282887697775616
420,0.3466437860482021,0.20191569159278452,-0.007544385232753995,0.02491254025393204,0.005239514968633377,0.16958339005876033,-4.332857081132414e-05,-0.006375996828686574
431,0.766929930900351,0.1655458024028887,0.07160995421413208,0.039693791015802594,0.017469859487496874,0.5151176989246065,0.03278757287105241,0.018770175242947936
516,0.30233078461531737,0.022050482974768186,0.13319298316123798,0.09332668197529043,-0.05075787584276474,0.18645433916929358,0.016475037312054908,-0.01130149733402558
216,0.6194197561986964,0.4281581670252432,-0.002251009772946025,0.286376199893646,-0.007949680865161471,0.05398112020890413,-0.011634478607634448,-0.005759282814392108
96,0.3450698303306765,0.10937437767982365,0.10818034968449798,0.03266274072400483,0.013610193547156941,0.14921892406106746,0.010540435211958823,0.0019656235464109656
461,0.3221320517002685,0.24090645240869407,0.001443547458544102,-0.024054792960640014,0.018167398183289916,0.1657171856077696,0.008538100055446052,0.001372844343256012
469,0.5782683469304651,0.5581496289432913,0.04530201824241463,0.10144883831153285,0.0007550154329372629,0.052187413931233946,-0.008130423765491529,0.005077850519086096
297,0.3181554293152485,0.08831048113300216,0.0075241692561221155,0.06613518713235592,0.005686043650095514,0.20068399248279464,0.004261103941982684,0.005401366491397151
63,0.8272623450058989,0.1263932926527536,0.055198207995485214,0.1631118289894934,0.008596153098789649,0.44151630053420826,0.004811438646140401,0.0063521449935707635
222,0.3451938528534148,0.12408514709868727,0.03125397681450767,0.09249033344412907,0.017139614914008,0.1583857922840384,0.00438135430387895,0.011697650517299743
452,0.7135079958738175,-0.014571368190746068,-0.054058048034608654,0.004963669476144115,-0.005291856244250334,0.8124389311553663,-0.0021414497401854495,-0.003839567638795703
95,0.6752559720729024,0.2876519879365529,0.10468025053569324,0.27751797833957687,0.013028812232319595,0.09138557859814822,0.027791467312998745,0.01605366243494998
13,0.6572977671901481,0.48837550114500783,0.11979658714485983,0.07383427889792404,-0.006306536845095595,0.07194891428739715,0.02960815945783068,-0.01563546327656174
327,0.3588538880196327,0.1405997956557011,-0.0343441080264547,0.06871150968568562,0.004042089482309411,0.1881850123335561,-3.3718438636115566e-06,-0.0049791618540573
435,0.2904908887165993,0.16711481715222404,0.013919657907053833,-0.0004425533756094428,0.010574390509425853,0.1971150036219789,0.021027263386778388,0.0022505360552849273
17,0.781087740309094,0.18717512925552307,0.08154545197251209,0.023718073240009113,0.011682227537515707,0.5067799376889285,0.02148944888954557,0.011687977021615805
521,0.3365436193385025,0.07325398532332154,-0.012232452109859984,0.14914189213816972,0.011419060781415849,0.18035925993111362,0.0001227230473961181,0.0063376045769453805
246,0.34174150285001303,0.14372898292757735,-0.0015343745225106236,0.054889042349272756,0.007387115495141925,0.1821502989067924,0.0138349288264861,0.004455655561276382
543,0.3158203805636233,0.10527541793966948,0.14298737189407165,-0.019025475872020657,0.011953987592338922,0.16822698552874008,0.00889417431071976,-0.01354823761339945
608,0.36391384967777624,0.08875023444498255,0.05760372515878901,0.09837549239480994,0.012151567082162454,0.15615034881309892,0.010916360349361012,0.0029418259021817524
207,0.3459625538190185,0.05290187671850879,0.03291340676500201,0.11861630450498865,0.00964462304505486,0.18370279539283324,0.0008581682080293461,0.005201670358647132
90,0.35001352826308313,0.11587407969029351,0.02419389396641813,0.10064851344380552,0.014694347709487772,0.16227179481423396,0.009838675299552561,0.007626988618465507
307,0.7437504860640011,0.22820131757476816,-0.004105965933846534,-0.007298328132697989,0.010248475775708412,0.5731621278480085,0.046903612395881825,0.014198682135570056
341,0.6426745026230571,0.5357014117148378,0.1559750250014303,-0.014052292817619398,0.0021929522036382427,0.06814637205893756,0.03373120336596626,-0.004106773064256562
380,0.32468688992917855,0.11397948965460955,0.10792046576161851,-0.016269478546081455,0.012290539852267768,0.18108917737992739,0.005960202466325083,0.0020674909474667153
417,0.7165928092001423,0.3092732932706983,0.17399725587729736,0.22537899675892645,0.004282896463061325,0.1052289196847611,-0.00450464611419947,0.008627952528300741
344,0.3576475853611393,0.043125588828035626,0.07848678074270715,0.13111227488755703,0.015248982080317032,0.15404044052242427,0.015172684872390754,0.005263371329714033
471,0.731028603374125,0.14926663074860885,0.04248177333581482,0.030912878977146296,0.046320097842913445,0.5798566832087663,-7.17124054645936e-05,0.01836703849580583
491,0.3713225870004622,0.13838136528688685,0.0709431800105389,0.038465898242308415,0.00920257808617114,0.14764766895909806,0.0071700577609677945,-0.0004352665720920338
351,0.6076790004838879,0.102126683025314,0.02276313537607635,0.5349349486079703,0.009963074462623383,0.0762749824211522,0.04248961532436218,0.04152805295644481
600,0.7419023615546495,0.25609254922379054,0.15602883872430084,0.22717342115636366,0.04816727387012036,0.11693483310534525,0.039810631817461126,0.018620985861368684
39,0.3456350987177851,0.07570904068130366,0.07585448708989621,0.09496173206142856,0.012920167953127101,0.16891237351738445,-0.0009144893154640523,0.003451389205706529
86,0.3639527711287351,0.07580631573662304,0.07296513824227939,0.09140000435699562,0.01335060230334217,0.15687730477220146,0.01487483715578233,0.004744090779511219
181,0.6761728445090234,0.33079407088940355,0.15103769362379638,0.2279005264723086,0.004624594745101587,0.07658109756701025,0.03622950884470115,0.0003701319023078548
562,0.3587730783015281,0.158147430832997,0.06252651762845238,-0.011098734105716362,0.006782783012207218,0.17348068336277012,0.0072982164922299805,-0.0052860056802669884
580,0.28151314714358516,0.13499793344441846,0.012705318889832786,0.042198618409983894,0.008712535269336071,0.1907421342350504,0.016544264962779668,0.008485197560179071
145,0.344876723109969,0.06957675046822602,0.0849701394938595,0.09234299819951086,0.018811292125569447,0.15277380548923508,0.020604509599028525,0.015465092379168276
158,0.3614951038271623,0.1107203981376678,0.016750053044308905,0.13272336300676632,0.01308887480408623,0.15336758493063687,-0.002747846063122523,0.005464126538254817
172,0.6545449053726529,0.39243866050266385,0.13754305248695145,0.1792435944923716,0.01766926143252728,0.08689273921776358,-0.011122911810306176,0.013418372593363566
526,0.3318437034236644,0.10116643167856806,0.011890773440334441,0.10436516492736861,0.0088816177753834,0.1783184480381813,0.010208816253790077,0.0010809663743738338
527,0.28819218931314916,0.20207700905168816,0.04353731585659142,0.22861833696496775,0.0023487887190265224,-0.11689395760751936,-0.001923699533378926,0.008655972777105645
408,0.7301369119289395,0.037872473334825095,0.0770169811789862,0.14197698341662315,0.01147130852042493,0.5785628154446679,0.007929004748763251,0.009386265881007478
517,0.6277036562658442,-0.049366094862293396,-0.03448130209234755,-0.12888177075299775,-0.003507121937701702,0.9893428507134003,-0.008185026514912992,0.0036049898944255174
200,0.32821577677033614,0.06335749233060144,0.09289585537478247,0.08620827301730759,0.018160953209247228,0.1655973048663416,0.020702691355986402,0.005417299396562186
426,0.6441747984154932,0.2800323268552891,0.11330490212691385,0.2875358697806273,0.014036795913741774,0.08029975556168677,0.0366478075743172,0.021729450248541938
381,0.34211901635479036,0.1423183362166745,0.10877165040577988,-0.052165266876237,0.006719084581956701,0.18820030707766772,-0.0017955905877308222,-0.01659010091815525
292,0.3466928450447989,0.11832587182757005,0.03535351286086126,0.04477194477453818,0.011888158941267078,0.1807601412390716,0.0056886611664726935,0.0059963362615723355
348,0.3053157588502245,0.07533885145010699,0.11410653499850218,0.013693659883512524,0.009035179239073194,0.19500255324767554,0.012284259321617103,-0.014414635534303914
71,0.3244942100580837,-0.04373686414115408,0.10328536926925336,0.14512234497846008,0.010178689922643522,0.17330460673227022,0.01572771903678787,-0.006581833187174808
604,0.29905904709056275,0.10561289651375164,0.02933930808979425,0.08905127447551314,0.014741523350479001,0.17177423014543675,0.025946335513279406,0.018335883261967938
569,0.6707564849737201,-0.07092466881402555,-0.040810269619575165,-0.07426092350684821,-0.009090987403816992,0.943668764964348,-0.017527345276570343,-0.0023906629464442906
32,0.5995375876447874,0.30924746208025855,0.14681194953706017,0.19453608618209642,0.011236162013130038,0.06650098014296259,0.039303900259319874,0.011283711800554621
549,0.3597536172090452,0.07333547532166325,0.0727128217327421,0.09857135956123973,0.012987647072738796,0.1574042764454544,0.012038982196181715,0.00570071984566825
603,0.32284276120028277,0.10409381371804258,0.10196526146921751,0.014095429789249339,0.016502909712672573,0.1857083620882972,0.008531483094736588,0.0025529519791502456
106,0.3204141567512566,0.08072301324019727,0.0988282940636478,0.013399506862931856,0.01052336628959963,0.18346458480728922,0.025044232255139902,0.00834493338141725
489,0.6394863088686839,0.48849405728736994,0.1985105909389459,-0.019903452719839256,-0.0022557997524837166,0.06851677551914033,0.04957253619142607,-0.004685656046459517
546,0.6499939177189283,0.32776524538092044,0.14640662674886315,0.1875256939028374,0.035300798947466024,0.09184604272559158,0.050840100556078405,0.008917348759753023
542,0.336112772109447,0.14965527988204944,0.001337081677131952,0.06765007737589628,0.008629447605378504,0.1818186708966938,-0.010089474102187353,-0.0014061991960437998
133,0.3284748269920044,0.01688922043090567,-0.005246448746886988,0.17853223651702987,0.013919223414421896,0.1823898295654374,0.011565819719834372,0.0006540758546892267
60,0.38353231519492603,0.07375871037034927,0.08143691329916765,0.10531638546544908,0.012098135049000007,0.13966256034921626,0.010439331190319109,0.004526530663231293
26,0.37129148161381625,0.07583377476577821,0.054449734090509266,0.12337579261714951,0.012349836027308454,0.1495935955061875,0.010939036942253342,0.005326918894467288
100,0.3373498199247256,0.03527322827784256,0.08796600692581247,0.07957424640270279,0.006707149612468942,0.1848915868467494,0.011535628516523967,0.006960126912884109
363,0.37082054541958637,0.10006220637048253,0.08127211537324243,0.068615791562298,-0.0004861700995203932,0.1550137553125776,0.014817558052439936,0.0040602733006933735
309,0.34857754920312556,0.17526105916510282,0.0009135479147613154,0.046358557984128065,0.007093466365322038,0.16621292510578087,0.006408345408607722,-0.002663252761502366
252,0.3198106147111609,0.07504329538040178,0.044690525682980146,0.11616515958069533,0.01630672120273373,0.17801577866028062,-0.00812003969331572,0.007084859488703582
481,0.3395774604474141,0.14162152921854307,-0.017967367129135728,0.07210622626734865,0.009464664645310544,0.17976236360853853,0.010044740973596589,-7.093243084382922e-05
441,0.36023645761467477,0.1385792284038452,0.04726498957338379,0.03772550771067528,0.007082777544841572,0.1657791053338074,0.006119039696453801,0.000760831297856044
476,0.3099396970533129,0.12440803245322006,0.07295636541361412,0.039178457107008,0.015730662422639305,0.16706392116807064,0.02038774454391917,0.013893935339772175
22,0.6896925519790261,0.09221057148333134,-0.03491875772280475,-0.12951672893187482,-0.010549491667758632,0.8553733160694922,-0.013038707500284305,-0.001113966693243118
62,0.7142503039982875,0.14166649317134475,-0.0832284622002271,0.09312779448160541,0.07614614932111775,0.6036126780001654,0.00545360065251148,0.017369328754746494
148,0.6180118196479016,0.3002925779847888,0.02899773200880679,0.3218069920968206,0.012694681363621561,0.08395549660938852,0.05862855297297972,0.023389964921961583
483,0.30202277145834844,0.1331391226700633,0.022917472288422076,0.03784173448975961,0.008957258718396584,0.1883267112431969,0.021355943485060657,-0.0007989942340413368
588,0.32954831751915625,0.10709949796790197,0.001885959020586028,0.07320737693660011,0.00873887789381156,0.19755535436132843,0.0029242847708159775,0.0037585815312147666
257,0.59983258942234,0.33135254026117306,0.1735396129346526,0.18349678704767833,0.007982130524966335,0.05986267800016562,-0.008885457302288163,0.010736288800494055
52,0.6149580402780287,0.3085372039143918,0.12522438225406574,0.2374827485303892,0.007316914761959855,0.06831319158252602,0.03371217470079762,0.006452161274975346
242,0.34321448644544816,0.11592538451994452,0.07791958531057652,0.07990875141783403,-0.019681325904957504,0.15835688796341968,-0.0014166134413191836,0.007889159662283415
173,0.34770260321235774,0.12145238727148991,0.07439798782841313,0.04203087860686215,0.011857430656786419,0.16690578847981413,0.011424354651714404,0.005341555865010921
35,0.31406819727386215,0.12528137018699814,0.09316630591708967,-0.015149623572480512,0.01357308968676234,0.17661276423488384,0.010113764955900242,0.017211580773507967
178,0.34973890933787577,0.0758042368100708,0.011098455004546533,0.14583559480713723,0.010930010659552718,0.16414816784112432,0.010777260852237997,0.005017520915389071
120,0.34710827689892293,0.1393618884304989,0.0099622899620375,0.05223669263725685,0.0087332988877231,0.1789868666756944,0.007616500449096416,0.004980750467743381
275,0.3707914209892858,0.036396723635892206,0.0474770672374934,0.15336267425870134,0.01087756076077737,0.15363305540287964,0.008395026761125387,0.00036517295341297724
44,0.33086777976880816,0.041603097980743735,0.004249010563722811,0.08890814385230347,0.004743776979277003,0.2081802591651997,0.010445711292197974,0.00012507654915333132
300,0.7931257921885682,0.14902669275312133,0.13808185050653402,-0.0010463412340992204,0.005381271207163243,0.5252991934368435,-0.006455673423751171,-0.0014906054244471832
76,0.6562291511580015,0.2604957729901512,0.21844326932291314,0.21319554425391957,0.0013620182351732968,0.0811494737932149,0.011301322330049064,0.010049799493719772
368,0.2939941111814526,0.11952017288944582,0.016362929161045415,0.033632203918013207,0.007411603982656145,0.19693231455673418,0.011794264781741092,0.007932476163854906
212,0.31125457052873823,0.18624251345056397,0.015950719362898692,-0.008699028281366771,0.010947425063900692,0.18100784126439293,0.012820824531840257,0.026459377775170892
267,0.2599515722000126,0.14201259974321462,0.07640710137171743,0.2538841966701935,0.005351558247478887,-0.09855731398344528,8.580776887321083e-05,0.008842893619548153
311,0.3456975176238857,0.11056821105865804,0.06803010907213373,0.0838770857758458,0.015803970985064943,0.15948792961364186,-0.002327570995492617,0.008267640461209093
444,0.3214267721266002,0.1666260672527005,0.0502676972469823,0.008776467541107249,0.01363882178391582,0.17856852268642934,0.01808472690810463,0.004950108176596175
503,0.60048588690343,0.34155027846149966,0.20925480470401023,0.15948711493995688,0.005022718231769787,0.0729015936948361,0.0028200442554886366,0.012682274185127414
495,0.35244951342170155,0.07771984844414213,0.03418724109972016,0.12651742930985924,-0.005759242080707861,0.16390865528633916,0.014471638553786453,0.0018501224303683703
33,0.34196041238119357,0.05179487548527386,0.08501337452806255,0.09578122589923684,0.012882677877059531,0.16907673695067751,0.013312335269963598,0.0015356825263719645
9,0.6959634777316392,0.14265661286923684,0.2551552143460776,0.3128548612966757,0.0045850830713707914,0.08722692439804067,-0.017704112871047405,-0.017810089848248393
160,0.3287012890347108,-0.0281103999915033,0.11993943715824432,0.12336473115889082,0.012376068519970996,0.1690002511608798,0.017009064964614344,0.007910894854472736
285,0.3659852471179554,0.10875056695253854,0.0821540750701886,0.0630504041022864,0.014020513000623135,0.15677662920857408,-0.005045397841971598,0.0044086187165426165
295,0.34909926241328815,-0.00987664512790135,0.12540902653615468,0.06633618523434723,0.004855553226192445,0.18667708302405897,0.005996748124379868,-0.0008634741475676799
277,0.34881784160937607,0.1098509240692744,0.08229442373362898,0.037773371298334,0.013272644066291157,0.16938046087840414,0.014061566519735762,0.003812878023676533
563,0.3579178408866996,0.15531361406626426,-0.002092964586677936,0.09474730542152666,0.010267338488829918,0.15690357950720327,0.003784095904110378,0.00219754907533933
484,0.3011619766512231,0.16144069489372168,0.023061645392217774,-0.00850535319061217,0.01104848684320114,0.1876819618935478,0.011399516156246441,0.035606864307709714
496,0.3381582847249628,0.010193518492368497,0.058083613219003793,0.13615228381396663,0.013542204502164527,0.17749091910398923,0.013120472073830934,0.0027095548912646162
182,0.3158084412529039,0.036173747448260955,0.01299602312514621,0.12279112394312694,0.04412994570290423,0.18798374719963468,0.0183205115764528,0.009478115813045612
590,0.3783283071600046,0.08613508816458951,0.07034420777872155,0.0907882854993154,-0.006011427337262491,0.15634188312244748,0.007644840532755601,0.0012305917572402968
36,0.7550642874953608,0.11230403175368693,-0.035691729167224885,-0.07800389196775201,-0.012449672778770881,0.7637466860884868,-0.024298893335196917,-0.01571367044168351
156,0.3212070393008487,0.09873995175442077,0.0033420252980921545,0.10263281866474146,0.008665270617701441,0.1727961040131912,0.0031498060593860107,0.002256615934824202
2,0.3220719419599422,0.14124841017938974,-0.002561260142083864,0.013254327486269446,0.008821164461978757,0.20462823663820495,0.007041621437190643,0.0013213509317333205
508,0.3078113543535845,0.13666367409866292,0.05787693955700583,0.013948083984046445,0.016997641429162262,0.1728310369190803,0.014581459583857433,0.016975109667147287
497,0.3201632489559972,0.06064899953243758,0.004581584500489161,0.10785506104259412,0.02490414609766491,0.1912752582032813,0.017702218000402194,0.004594171208925075
308,0.6967508712402417,0.42061639176559157,0.06229207113706497,0.1568126573979735,0.010633422669846373,0.09917345772616003,0.02377860802078231,0.019962038318388158
289,0.32373560661257783,0.156985774047417,0.014295388427964722,0.04611132413319322,0.010003787025712226,0.18067862106763044,0.001636733745087527,0.0034038454529019308
560,0.34270684128895995,0.12620165122890187,0.009296614059264359,0.0895252259784111,0.009940400887040953,0.16955384908574297,0.011787694589335715,0.00593145655447829
414,0.7294555947224556,-0.05571534776428166,-0.14625977729114592,0.13920599307756673,-0.018600407807542733,0.8087296871677184,-0.01757311485112723,-0.023905472326078123
421,0.7712782267559608,0.05009828585415097,0.10891550820068642,0.10330758572237898,0.009730691811238429,0.5329982323994875,0.029047093690853367,0.009105707350384398
141,0.33240852598783444,0.18888397067367815,0.006093419717710203,0.058097969579722575,0.012212890889486284,0.1558733854072753,0.00650489630954032,0.001403239214987714
223,0.35053591513387444,0.16665923955823664,0.06166138396041482,-0.023039238848565503,0.005131990111430637,0.17773057045503202,0.005665604392527499,-0.006792750695610601
183,0.685229898229165,0.29651377595097717,0.07680081505990095,0.32086361807325214,0.00835926711231148,0.09247344254305644,-0.003320576750347304,-0.024836855559924476
599,0.3280930356806581,0.21503702058263985,0.005189086667521234,-0.019787760004615254,0.006719537178448441,0.17776808768688918,0.007409164487565422,0.0007727059211449638
511,0.27896273512363123,0.03431484313729737,0.08917968364350073,0.042124662634575,0.01434455398486481,0.19976386230638826,0.021305314532837256,0.038348960886731974
117,0.33335270754206836,0.07479595894092896,0.05673916025367613,0.11089246325459608,0.014384109409589818,0.16348983154479269,0.017268796513341515,-0.004787778410205908
1,0.6516413794171589,0.3150072457681015,0.04180403724519127,0.3630678049287397,0.011441011711266455,0.07855225335120551,0.006150398598713149,0.011271013451650554
113,0.3200198312880874,0.22098523075058812,0.0011335052837925833,-0.008207386290260842,0.007993882947202324,0.1818576605758041,-0.003924331418427793,-0.0009756230322612227
593,0.36720649716045023,0.06391391445757329,0.06736220639462116,0.10380709836647672,-0.0021332064494153746,0.16301528563183557,0.006266789821189406,0.002770171139406281
165,0.3583705870124034,0.046475846856312945,0.0883221460532499,0.08006262366444815,0.009711003863846556,0.1748924389350778,0.006095199930577817,0.002395950782122982
184,0.34098705836601106,0.11839818166040379,0.0025047429095027187,0.09955183895385766,0.008751790471721558,0.174576701587805,0.009462551019693817,5.996903515843829e-05
372,0.3293516344782751,0.14661065272138404,0.022991616645702418,0.040313258325422,0.01302045730108158,0.17790152067593526,0.020060778277685674,0.012425774175351158
274,0.33533519963682723,0.10284144452627383,0.011957795437489519,0.08014729843343683,0.0073728149546572535,0.18858210239156808,0.00935498844611676,-0.007650742391008121
0,0.32249383639934626,0.22252304349778126,-0.0007744876426674455,-0.005186517428102902,0.009877441697727016,0.17771638155501535,0.00521694096427919,0.0033684041302870513
566,0.3317461636455807,0.10373802761586878,-0.010991062908981258,0.09339796894005287,0.012207639261526803,0.1954809914904619,-0.00595544718585152,0.002320857480864875
540,0.3210724592721903,0.09819610426664509,-0.003936954334582944,0.10895556449886233,0.011840096211152005,0.18305678028166233,0.014078044049345853,-0.00017523781833521338
500,0.29970920102731197,0.023744522978987635,0.14982340590084436,0.06244057106332181,-0.052902315737105736,0.19963087587921394,-0.016536984193882085,0.014255854124409339
383,0.3176929188050957,0.19076303061507474,0.0017426805491891034,0.0046744512659787655,0.007911100031549134,0.19331393685808243,-0.004577867174636842,-0.001083890147710552
405,0.32785777109802,0.010483955695751791,0.005755238110410795,0.17611835687921337,0.008339087343398761,0.1933857669386349,0.0023111417428417387,0.00031669232587044395
561,0.2853904618532045,-0.035030736129486525,0.05257881485134438,0.0954651491045952,0.004717778328135184,0.20601265538241018,0.011984815448047602,0.01191737555346519
20,0.6724167265190119,-0.04588751516801708,0.08441568465297201,0.0139950710431659,0.020075538957937216,0.7592669750236734,-0.0006254008496261966,0.019625059109101856
176,0.34630733258977947,0.03124978577099382,0.07828072110328294,0.12800831987009642,0.014200545324461206,0.1603723212624038,0.015358056326176631,-0.002768046953204839
335,0.3689393407250185,0.11993530495227447,0.0546870515523094,0.057996423522175974,0.008921158113558666,0.16011938167836295,0.010326052323051133,0.0016954551225837491
379,0.36050843177534864,0.14770443361109456,-0.006441721382565041,0.0930684847286702,0.008358693823421914,0.15760830845259546,0.004969916816385611,0.004398542409980998
545,0.3475524772639291,0.06115853115420786,0.05955489126459807,0.057181908245777034,0.009262289141329238,0.1870526536275427,0.0001976835870166905,7.430276605255275e-05
171,0.2913617890489305,0.08498651443493137,0.03439897931646106,0.08565889329174761,0.026187472889470282,0.17977996810341307,0.019824503296471473,0.015648357750612372
519,0.609989037583401,0.32838886300036896,0.25944415749826866,0.0854969346544807,0.0013220011620267145,0.06694568033459809,0.04867335368931342,0.003681620515100923
507,0.6307181490286774,0.4119048778556719,0.18133984342092452,0.08912215862939785,0.008297465061361536,0.07884658741038304,0.04104155397014045,0.009730951299893605
152,0.6428938314987422,0.05312566154520527,0.07327620479375709,0.502372012953674,0.01230556756444945,0.07900098165161744,0.021402028368506937,0.04390069200193212
413,0.35422410239302626,0.0697218423429,0.08839290348011702,0.08662268394305933,0.014560359535411694,0.153762362220576,0.015538082615394628,0.014086726358712769
581,0.6668350227091615,0.34806816278169833,0.281927496214483,0.04445080493380875,0.0006941231009354425,0.08189253313549436,0.051758710008272514,-0.00452252367562383
316,0.3493409372401157,0.07488656423261467,0.011091065612491052,0.14672745580666818,0.010958516695258807,0.16421956192038975,0.010757750926133137,0.005027690758558929
258,0.6173810479249954,0.011071854400070443,0.20929262215820685,0.5023820530525164,0.015787208319665194,0.06926953098692819,-0.003763368493442398,0.03839013962420745
474,0.3375085858478154,0.16350824015276735,0.01024051309476319,0.10446383548853748,0.016094575649150247,0.14449329770976516,-0.0016753703989342142,0.007574617169748815
337,0.3056485767580522,0.117434724421841,0.1224589965682323,-0.02765941172594232,0.01433715101491455,0.17349157283436198,0.009925587403865586,0.0013496879980825062
538,0.6270663609956811,0.1389198751533694,0.2298195295627579,0.3440339635648964,-0.0015920775579000967,0.06311883216587581,-0.009685952648027156,-0.004186648801777857
504,0.3663513397967019,0.07739813682317807,0.02724336692685543,0.1368805900192698,0.005140329956118821,0.1588159596023233,0.010117829272396307,0.0032546545626674877
398,0.34683436242322097,0.08501729099637108,0.07083813085614596,0.09006751351694517,0.012947197015615105,0.16797659708025775,-0.0014523082179694253,0.006173683179559235
423,0.6604641888980461,-0.07115299469218943,-0.06300053702082407,-0.0172719375329945,0.00025963801211920063,0.9269885234202387,-0.018457263606438477,-0.007896082879952433
605,0.6617045274284977,0.3816399088603423,-0.021840704500836545,0.2602571113167712,0.10862223774326484,0.08761781841008036,-0.005854963221405426,0.007370248732549
480,0.30746855038139365,0.10500954918251407,0.005089886568456869,0.12301926425672924,0.013740995441931058,0.17100570168991086,0.010318653879065732,0.005290963120506792
422,0.3298281373014648,-0.012969952058565739,0.08188829984964133,0.14838046190428955,0.014135757645320417,0.16993885180011495,0.015264676617996322,0.011441425082728687
119,0.29177165057942916,0.11409744384363756,0.05453247778113302,0.014938733219834233,0.003181970583400623,0.20166845774185008,-0.016515295769996906,-0.016246313148978016
256,0.7644308353174548,0.25050632572995335,0.06564487275762594,-0.04212656504849549,0.013723457327875397,0.5249032514652658,0.02821013717173772,0.018183347683659465
249,0.3202228710005119,-0.001075960657174934,0.08214953100141126,0.1456724729968865,0.01537750892339256,0.16644489287704847,0.019038065597766603,0.013571393958573093
